09/07 06:54:54 PM - ==> configuration
model_t.name                          : timm_wide_resnet50_2
model_t.kwargs                        : {'pretrained': False, 'checkpoint_path': '', 'strict': False, 'features_only': True, 'out_indices': [1, 2, 3]}
model_s.name                          : de_wide_resnet50_2
model_s.kwargs                        : {'pretrained': False, 'checkpoint_path': '', 'strict': False}
model.name                            : sprc_rd
model.kwargs                          : {'pretrained': False, 'checkpoint_path': '', 'strict': True, 'model_t': Namespace(name='timm_wide_resnet50_2', kwargs={'pretrained': False, 'checkpoint_path': '', 'strict': False, 'features_only': True, 'out_indices': [1, 2, 3]}), 'model_s': Namespace(name='de_wide_resnet50_2', kwargs={'pretrained': False, 'checkpoint_path': '', 'strict': False}), 'backbone': 'wide_resnet50_2', 'teacher_init': 'reference_exact', 'teacher_pretrained': True, 'teacher_checkpoint': '', 'model_checkpoint_path': '', 'embed_dims': (128, 160, 256), 'num_prototypes': (4, 4, 4), 'min_topk': (4, 2, 1), 'relation_weights': (0.15, 0.3, 0.45), 'temperature': 0.2, 'fusion_dim': 256, 'fusion_blocks': 2, 'norm': 'bn', 'relation_warmup_epochs': 10, 'relation_ramp_epochs': 10, 'relation_momentum': 0.5, 'relation_smoothing': 1.0, 'quant_scale': 1000000.0, 'cf_posterior_temperature': 0.35, 'cf_relation_floor': 0.0001, 'cf_scale_weights': (0.15, 0.25, 0.6), 'cf_gain_margin': 0.08, 'cf_gain_temperature': 0.12, 'cf_max_intervention': 1.0, 'cf_gate_grad': False, 'decoder_lr': 0.005, 'bottleneck_lr': 0.001}
data.sampler                          : naive
data.loader_type                      : pil
data.loader_type_target               : pil_L
data.type                             : DefaultAD
data.root                             : mvtec
data.meta                             : meta.json
data.cls_names                        : []
data.train_transforms                 : [{'type': 'Resize', 'size': (256, 256), 'interpolation': <InterpolationMode.BILINEAR: 'bilinear'>}, {'type': 'CenterCrop', 'size': (256, 256)}, {'type': 'ToTensor'}, {'type': 'Normalize', 'mean': (0.485, 0.456, 0.406), 'std': (0.229, 0.224, 0.225), 'inplace': True}]
data.test_transforms                  : [{'type': 'Resize', 'size': (256, 256), 'interpolation': <InterpolationMode.BILINEAR: 'bilinear'>}, {'type': 'CenterCrop', 'size': (256, 256)}, {'type': 'ToTensor'}, {'type': 'Normalize', 'mean': (0.485, 0.456, 0.406), 'std': (0.229, 0.224, 0.225), 'inplace': True}]
data.target_transforms                : [{'type': 'Resize', 'size': (256, 256), 'interpolation': <InterpolationMode.BILINEAR: 'bilinear'>}, {'type': 'CenterCrop', 'size': (256, 256)}, {'type': 'ToTensor'}]
data.resize_shape                     : [256, 256]
data.train_size                       : 114
data.test_size                        : 1725
data.train_length                     : 3629
data.test_length                      : 1725
seed                                  : 111
size                                  : 256
epoch_full                            : 200
fvcore_is                             : False
fvcore_b                              : 1
fvcore_c                              : 3
vis                                   : False
vis_dir                               : None
evaluator.kwargs                      : {'metrics': ['mAUROC_sp_max', 'mAP_sp_max', 'mF1_max_sp_max', 'mAUPRO_px', 'mAUROC_px', 'mAP_px', 'mF1_max_px'], 'pooling_ks': None, 'max_step_aupro': 100, 'use_adeval': True}
optim.lr                              : 0.005
optim.kwargs                          : {'name': 'adam', 'betas': (0.5, 0.999)}
trainer.name                          : SPRCRDTrainer
trainer.checkpoint                    : runs
trainer.logdir_sub                    : 
trainer.resume_dir                    : 
trainer.cuda_deterministic            : True
trainer.epoch_full                    : 200
trainer.scheduler_kwargs              : {'name': 'multistep', 'use_iters': True, 'milestones': [100, 120], 'gamma': 0.2}
trainer.find_unused_parameters        : False
trainer.sync_BN                       : none
trainer.dist_BN                       : 
trainer.scaler                        : none
trainer.data.batch_size               : 32
trainer.data.batch_size_per_gpu       : 32
trainer.data.batch_size_test          : 1
trainer.data.batch_size_per_gpu_test  : 1
trainer.data.num_workers_per_gpu      : 4
trainer.data.drop_last                : False
trainer.data.pin_memory               : True
trainer.data.persistent_workers       : True
trainer.iter                          : 0
trainer.epoch                         : 0
trainer.iter_full                     : 22800
loss.loss_terms                       : [{'type': 'CosLoss', 'name': 'cos', 'avg': False, 'lam': 1.0}]
loss.clip_grad                        : None
loss.create_graph                     : False
loss.retain_graph                     : False
logging.log_terms_train               : [{'name': 'batch_t', 'fmt': ':>5.3f', 'add_name': 'avg'}, {'name': 'data_t', 'fmt': ':>5.3f'}, {'name': 'optim_t', 'fmt': ':>5.3f'}, {'name': 'lr', 'fmt': ':>7.6f'}, {'name': 'total', 'fmt': ':>6.4f', 'add_name': 'avg'}, {'name': 'rd', 'fmt': ':>6.4f', 'add_name': 'avg'}, {'name': 'cf', 'fmt': ':>6.4f', 'add_name': 'avg'}, {'name': 'gain', 'fmt': ':>6.4f', 'add_name': 'avg'}, {'name': 'img', 'fmt': ':>6.4f', 'add_name': 'avg'}]
logging.log_terms_test                : [{'name': 'batch_t', 'fmt': ':>5.3f', 'add_name': 'avg'}, {'name': 'cos', 'fmt': ':>5.3f', 'add_name': 'avg'}]
logging.train_reset_log_per           : 50
logging.train_log_per                 : 50
logging.test_log_per                  : 50
metrics                               : ['mAUROC_sp_max', 'mAP_sp_max', 'mF1_max_sp_max', 'mAUPRO_px', 'mAUROC_px', 'mAP_px', 'mF1_max_px']
sprc_rd.state_residual_batch_size     : 128
sprc_rd.state_residual_num_workers    : 4
sprc_rd.state_residual_export_npz     : False
sprc_rd.pseudo_fraction               : 0.2
sprc_rd.pseudo_rd_weight              : 0.5
sprc_rd.mask_min_blocks               : 1
sprc_rd.mask_max_blocks               : 2
sprc_rd.mask_min_side                 : 1
sprc_rd.mask_max_side                 : 5
sprc_rd.mask_stripe_prob              : 0.5
sprc_rd.mask_margin                   : 1
sprc_rd.mask_max_fraction             : 0.3
sprc_rd.donor_min_shift               : 2
sprc_rd.donor_max_shift               : 8
sprc_rd.donor_candidates              : 4
sprc_rd.max_source_overlap            : 0.1
sprc_rd.pseudo_missing_probability    : 0.5
sprc_rd.pseudo_missing_kernel         : 3
sprc_rd.img_aug_start_epoch           : 80
sprc_rd.img_aug_ramp_epochs           : 30
sprc_rd.img_aug_fraction              : 0.15
sprc_rd.img_aug_lambda_max            : 0.1
sprc_rd.img_aug_min_fraction          : 0.05
sprc_rd.img_aug_max_fraction          : 0.15
sprc_rd.img_aug_masked_weight         : 1.2
sprc_rd.img_aug_mean_fill_probability : 0.25
sprc_rd.img_aug_update_bn_stats       : False
sprc_rd.lambda_cf                     : 0.2
sprc_rd.lambda_gain                   : 0.08
sprc_rd.train_gain_margin             : 0.25
sprc_rd.clean_gain_tolerance          : 0.05
cfg_path                              : configs/benchmark/sprc_rd/sprc_rd_256_200e.py
mode                                  : train
dist_url                              : env://
logger_rank                           : 0
opts                                  : ['data.root=mvtec']
task_start_time                       : 417567.571222484
world_size                            : 1
rank                                  : 0
local_rank                            : 0
dist                                  : False
ngpus_per_node                        : 1
nnodes                                : 1
master                                : True
logdir                                : runs/SPRC-RD_20260907-185453
09/07 06:54:54 PM - ==> SPRC-RD parameter report: {'teacher': {'total': 24862528, 'trainable': 0}, 'bottleneck': {'total': 1725280, 'trainable': 1725280}, 'decoder': {'total': 24917504, 'trainable': 24917504}, 'full': {'total': 51505312, 'trainable': 26642784}}
09/07 06:54:54 PM - ==> SPRC-RD teacher adapter: {'source_tensors': 320, 'target_tensors': 258, 'mapped_tensors': 258, 'unmatched_executed': []}
09/07 06:55:11 PM - Train:   0.22% [50/22800] [0.4/200.0] [batch_t 0.293 (0.320)] [data_t 0.000] [optim_t 0.293] [lr 0.005000] [total 0.6647 (0.9179)] [rd 0.6647 (0.9179)] [cf 0.0000 (0.0000)] [gain 0.0000 (0.0000)] [img 0.0000 (0.0000)]
09/07 06:55:28 PM - Train:   0.44% [100/22800] [0.9/200.0] [batch_t 0.293 (0.295)] [data_t 0.000] [optim_t 0.293] [lr 0.005000] [total 0.5367 (0.5901)] [rd 0.5367 (0.5901)] [cf 0.0000 (0.0000)] [gain 0.0000 (0.0000)] [img 0.0000 (0.0000)]
09/07 06:55:32 PM - ==> epoch 1/200 | elapsed 0:00:37 | remaining 2:03:54
09/07 06:55:44 PM - Train:   0.66% [150/22800] [1.3/200.0] [batch_t 0.291 (0.292)] [data_t 0.000] [optim_t 0.291] [lr 0.005000] [total 0.4228 (0.4809)] [rd 0.4228 (0.4809)] [cf 0.0000 (0.0000)] [gain 0.0000 (0.0000)] [img 0.0000 (0.0000)]
09/07 06:55:59 PM - Train:   0.88% [200/22800] [1.8/200.0] [batch_t 0.295 (0.295)] [data_t 0.000] [optim_t 0.295] [lr 0.005000] [total 0.4261 (0.4565)] [rd 0.4261 (0.4565)] [cf 0.0000 (0.0000)] [gain 0.0000 (0.0000)] [img 0.0000 (0.0000)]
09/07 06:56:07 PM - ==> epoch 2/200 | elapsed 0:01:12 | remaining 1:59:14
09/07 06:56:15 PM - Train:   1.10% [250/22800] [2.2/200.0] [batch_t 0.295 (0.296)] [data_t 0.000] [optim_t 0.295] [lr 0.005000] [total 0.3656 (0.4006)] [rd 0.3656 (0.4006)] [cf 0.0000 (0.0000)] [gain 0.0000 (0.0000)] [img 0.0000 (0.0000)]
09/07 06:56:34 PM - Train:   1.32% [300/22800] [2.6/200.0] [batch_t 0.338 (0.332)] [data_t 0.000] [optim_t 0.338] [lr 0.005000] [total 0.4198 (0.3937)] [rd 0.4198 (0.3937)] [cf 0.0000 (0.0000)] [gain 0.0000 (0.0000)] [img 0.0000 (0.0000)]
09/07 06:56:48 PM - ==> epoch 3/200 | elapsed 0:01:50 | remaining 2:00:36
09/07 06:56:51 PM - Train:   1.54% [350/22800] [3.1/200.0] [batch_t 0.289 (0.289)] [data_t 0.000] [optim_t 0.288] [lr 0.005000] [total 0.3485 (0.3845)] [rd 0.3485 (0.3845)] [cf 0.0000 (0.0000)] [gain 0.0000 (0.0000)] [img 0.0000 (0.0000)]
09/07 06:57:06 PM - Train:   1.75% [400/22800] [3.5/200.0] [batch_t 0.299 (0.292)] [data_t 0.000] [optim_t 0.299] [lr 0.005000] [total 0.3313 (0.3682)] [rd 0.3313 (0.3682)] [cf 0.0000 (0.0000)] [gain 0.0000 (0.0000)] [img 0.0000 (0.0000)]
09/07 06:57:21 PM - Train:   1.97% [450/22800] [3.9/200.0] [batch_t 0.316 (0.299)] [data_t 0.000] [optim_t 0.316] [lr 0.005000] [total 0.3456 (0.3522)] [rd 0.3456 (0.3522)] [cf 0.0000 (0.0000)] [gain 0.0000 (0.0000)] [img 0.0000 (0.0000)]
09/07 06:57:23 PM - ==> epoch 4/200 | elapsed 0:02:24 | remaining 1:58:20
09/07 06:57:39 PM - Train:   2.19% [500/22800] [4.4/200.0] [batch_t 0.312 (0.311)] [data_t 0.000] [optim_t 0.312] [lr 0.005000] [total 0.3726 (0.3461)] [rd 0.3726 (0.3461)] [cf 0.0000 (0.0000)] [gain 0.0000 (0.0000)] [img 0.0000 (0.0000)]
09/07 06:57:54 PM - Train:   2.41% [550/22800] [4.8/200.0] [batch_t 0.290 (0.301)] [data_t 0.000] [optim_t 0.290] [lr 0.005000] [total 0.3075 (0.3325)] [rd 0.3075 (0.3325)] [cf 0.0000 (0.0000)] [gain 0.0000 (0.0000)] [img 0.0000 (0.0000)]
09/07 06:58:00 PM - ==> epoch 5/200 | elapsed 0:03:00 | remaining 1:57:22
09/07 06:58:12 PM - Train:   2.63% [600/22800] [5.3/200.0] [batch_t 0.312 (0.298)] [data_t 0.000] [optim_t 0.312] [lr 0.005000] [total 0.3167 (0.3329)] [rd 0.3167 (0.3329)] [cf 0.0000 (0.0000)] [gain 0.0000 (0.0000)] [img 0.0000 (0.0000)]
09/07 06:58:27 PM - Train:   2.85% [650/22800] [5.7/200.0] [batch_t 0.292 (0.294)] [data_t 0.000] [optim_t 0.292] [lr 0.005000] [total 0.3439 (0.3246)] [rd 0.3439 (0.3246)] [cf 0.0000 (0.0000)] [gain 0.0000 (0.0000)] [img 0.0000 (0.0000)]
09/07 06:58:36 PM - ==> epoch 6/200 | elapsed 0:03:35 | remaining 1:56:04
09/07 06:58:44 PM - Train:   3.07% [700/22800] [6.1/200.0] [batch_t 0.314 (0.309)] [data_t 0.000] [optim_t 0.314] [lr 0.005000] [total 0.4166 (0.3855)] [rd 0.4166 (0.3855)] [cf 0.0000 (0.0000)] [gain 0.0000 (0.0000)] [img 0.0000 (0.0000)]
09/07 06:58:59 PM - Train:   3.29% [750/22800] [6.6/200.0] [batch_t 0.289 (0.298)] [data_t 0.000] [optim_t 0.289] [lr 0.005000] [total 0.3440 (0.3271)] [rd 0.3440 (0.3271)] [cf 0.0000 (0.0000)] [gain 0.0000 (0.0000)] [img 0.0000 (0.0000)]
09/07 06:59:13 PM - ==> epoch 7/200 | elapsed 0:04:10 | remaining 1:54:57
09/07 06:59:15 PM - Train:   3.51% [800/22800] [7.0/200.0] [batch_t 0.310 (0.310)] [data_t 0.000] [optim_t 0.310] [lr 0.005000] [total 0.3173 (0.3133)] [rd 0.3173 (0.3133)] [cf 0.0000 (0.0000)] [gain 0.0000 (0.0000)] [img 0.0000 (0.0000)]
09/07 06:59:32 PM - Train:   3.73% [850/22800] [7.5/200.0] [batch_t 0.314 (0.302)] [data_t 0.000] [optim_t 0.314] [lr 0.005000] [total 0.2769 (0.2969)] [rd 0.2769 (0.2969)] [cf 0.0000 (0.0000)] [gain 0.0000 (0.0000)] [img 0.0000 (0.0000)]
09/07 06:59:47 PM - Train:   3.95% [900/22800] [7.9/200.0] [batch_t 0.303 (0.301)] [data_t 0.000] [optim_t 0.303] [lr 0.005000] [total 0.3035 (0.2901)] [rd 0.3035 (0.2901)] [cf 0.0000 (0.0000)] [gain 0.0000 (0.0000)] [img 0.0000 (0.0000)]
09/07 06:59:52 PM - ==> epoch 8/200 | elapsed 0:04:45 | remaining 1:54:21
09/07 07:00:05 PM - Train:   4.17% [950/22800] [8.3/200.0] [batch_t 0.300 (0.304)] [data_t 0.000] [optim_t 0.300] [lr 0.005000] [total 0.2982 (0.2937)] [rd 0.2982 (0.2937)] [cf 0.0000 (0.0000)] [gain 0.0000 (0.0000)] [img 0.0000 (0.0000)]
09/07 07:00:20 PM - Train:   4.39% [1000/22800] [8.8/200.0] [batch_t 0.310 (0.305)] [data_t 0.000] [optim_t 0.310] [lr 0.005000] [total 0.2787 (0.2827)] [rd 0.2787 (0.2827)] [cf 0.0000 (0.0000)] [gain 0.0000 (0.0000)] [img 0.0000 (0.0000)]
09/07 07:00:30 PM - ==> epoch 9/200 | elapsed 0:05:21 | remaining 1:53:44
09/07 07:00:38 PM - Train:   4.61% [1050/22800] [9.2/200.0] [batch_t 0.307 (0.311)] [data_t 0.000] [optim_t 0.307] [lr 0.005000] [total 0.2758 (0.2837)] [rd 0.2758 (0.2837)] [cf 0.0000 (0.0000)] [gain 0.0000 (0.0000)] [img 0.0000 (0.0000)]
09/07 07:00:54 PM - Train:   4.82% [1100/22800] [9.6/200.0] [batch_t 0.305 (0.304)] [data_t 0.000] [optim_t 0.305] [lr 0.005000] [total 0.2855 (0.2711)] [rd 0.2855 (0.2711)] [cf 0.0000 (0.0000)] [gain 0.0000 (0.0000)] [img 0.0000 (0.0000)]
09/07 07:01:07 PM - ==> epoch 10/200 | elapsed 0:05:57 | remaining 1:53:16
09/07 07:01:12 PM - Train:   5.04% [1150/22800] [10.1/200.0] [batch_t 0.308 (0.315)] [data_t 0.000] [optim_t 0.308] [lr 0.005000] [total 0.3153 (0.3060)] [rd 0.2754 (0.2662)] [cf 0.0928 (0.0934)] [gain 0.2664 (0.2635)] [img 0.0000 (0.0000)]
09/07 07:01:27 PM - Train:   5.26% [1200/22800] [10.5/200.0] [batch_t 0.309 (0.311)] [data_t 0.000] [optim_t 0.309] [lr 0.005000] [total 0.2953 (0.3204)] [rd 0.2535 (0.2733)] [cf 0.1031 (0.1275)] [gain 0.2651 (0.2702)] [img 0.0000 (0.0000)]
09/07 07:01:44 PM - Train:   5.48% [1250/22800] [11.0/200.0] [batch_t 0.318 (0.312)] [data_t 0.000] [optim_t 0.318] [lr 0.005000] [total 0.2924 (0.3242)] [rd 0.2363 (0.2690)] [cf 0.1663 (0.1635)] [gain 0.2855 (0.2820)] [img 0.0000 (0.0000)]
09/07 07:01:45 PM - ==> epoch 11/200 | elapsed 0:06:34 | remaining 1:52:55
09/07 07:02:01 PM - Train:   5.70% [1300/22800] [11.4/200.0] [batch_t 0.315 (0.309)] [data_t 0.000] [optim_t 0.315] [lr 0.005000] [total 0.3706 (0.3525)] [rd 0.3263 (0.3042)] [cf 0.1176 (0.1457)] [gain 0.2594 (0.2395)] [img 0.0000 (0.0000)]
09/07 07:02:18 PM - Train:   5.92% [1350/22800] [11.8/200.0] [batch_t 0.309 (0.312)] [data_t 0.000] [optim_t 0.309] [lr 0.005000] [total 0.3073 (0.3210)] [rd 0.2526 (0.2777)] [cf 0.1721 (0.1179)] [gain 0.2528 (0.2463)] [img 0.0000 (0.0000)]
09/07 07:02:24 PM - ==> epoch 12/200 | elapsed 0:07:10 | remaining 1:52:30
09/07 07:02:35 PM - Train:   6.14% [1400/22800] [12.3/200.0] [batch_t 0.321 (0.314)] [data_t 0.000] [optim_t 0.321] [lr 0.005000] [total 0.3490 (0.3325)] [rd 0.2924 (0.2934)] [cf 0.1952 (0.1073)] [gain 0.2198 (0.2201)] [img 0.0000 (0.0000)]
09/07 07:02:52 PM - Train:   6.36% [1450/22800] [12.7/200.0] [batch_t 0.310 (0.312)] [data_t 0.000] [optim_t 0.310] [lr 0.005000] [total 0.3054 (0.3165)] [rd 0.2746 (0.2807)] [cf 0.0687 (0.0910)] [gain 0.2131 (0.2193)] [img 0.0000 (0.0000)]
09/07 07:03:02 PM - ==> epoch 13/200 | elapsed 0:07:47 | remaining 1:52:05
09/07 07:03:09 PM - Train:   6.58% [1500/22800] [13.2/200.0] [batch_t 0.311 (0.323)] [data_t 0.000] [optim_t 0.311] [lr 0.005000] [total 0.2745 (0.2910)] [rd 0.2439 (0.2584)] [cf 0.0677 (0.0810)] [gain 0.2139 (0.2057)] [img 0.0000 (0.0000)]
09/07 07:03:26 PM - Train:   6.80% [1550/22800] [13.6/200.0] [batch_t 0.312 (0.315)] [data_t 0.000] [optim_t 0.312] [lr 0.005000] [total 0.2776 (0.2891)] [rd 0.2452 (0.2588)] [cf 0.0772 (0.0671)] [gain 0.2120 (0.2111)] [img 0.0000 (0.0000)]
09/07 07:03:40 PM - ==> epoch 14/200 | elapsed 0:08:24 | remaining 1:51:41
09/07 07:03:43 PM - Train:   7.02% [1600/22800] [14.0/200.0] [batch_t 0.320 (0.318)] [data_t 0.000] [optim_t 0.320] [lr 0.005000] [total 0.2750 (0.3092)] [rd 0.2358 (0.2645)] [cf 0.1218 (0.1402)] [gain 0.1852 (0.2082)] [img 0.0000 (0.0000)]
09/07 07:04:00 PM - Train:   7.24% [1650/22800] [14.5/200.0] [batch_t 0.318 (0.318)] [data_t 0.000] [optim_t 0.317] [lr 0.005000] [total 0.2847 (0.2839)] [rd 0.2573 (0.2532)] [cf 0.0562 (0.0741)] [gain 0.2017 (0.1996)] [img 0.0000 (0.0000)]
09/07 07:04:16 PM - Train:   7.46% [1700/22800] [14.9/200.0] [batch_t 0.319 (0.309)] [data_t 0.000] [optim_t 0.319] [lr 0.005000] [total 0.2997 (0.2780)] [rd 0.2653 (0.2497)] [cf 0.0898 (0.0601)] [gain 0.2067 (0.2034)] [img 0.0000 (0.0000)]
09/07 07:04:19 PM - ==> epoch 15/200 | elapsed 0:09:01 | remaining 1:51:14
09/07 07:04:34 PM - Train:   7.68% [1750/22800] [15.4/200.0] [batch_t 0.310 (0.309)] [data_t 0.000] [optim_t 0.310] [lr 0.005000] [total 0.3048 (0.2814)] [rd 0.2789 (0.2489)] [cf 0.0432 (0.0816)] [gain 0.2152 (0.2021)] [img 0.0000 (0.0000)]
09/07 07:04:49 PM - Train:   7.89% [1800/22800] [15.8/200.0] [batch_t 0.314 (0.308)] [data_t 0.000] [optim_t 0.314] [lr 0.005000] [total 0.2812 (0.2721)] [rd 0.2598 (0.2456)] [cf 0.0346 (0.0516)] [gain 0.1818 (0.2015)] [img 0.0000 (0.0000)]
09/07 07:04:58 PM - ==> epoch 16/200 | elapsed 0:09:37 | remaining 1:50:41
09/07 07:05:08 PM - Train:   8.11% [1850/22800] [16.2/200.0] [batch_t 0.312 (0.312)] [data_t 0.000] [optim_t 0.312] [lr 0.005000] [total 0.2547 (0.2878)] [rd 0.2331 (0.2518)] [cf 0.0268 (0.1021)] [gain 0.2036 (0.1949)] [img 0.0000 (0.0000)]
09/07 07:05:23 PM - Train:   8.33% [1900/22800] [16.7/200.0] [batch_t 0.308 (0.309)] [data_t 0.000] [optim_t 0.308] [lr 0.005000] [total 0.2715 (0.2670)] [rd 0.2475 (0.2420)] [cf 0.0409 (0.0459)] [gain 0.1972 (0.1974)] [img 0.0000 (0.0000)]
09/07 07:05:36 PM - ==> epoch 17/200 | elapsed 0:10:14 | remaining 1:50:09
09/07 07:05:41 PM - Train:   8.55% [1950/22800] [17.1/200.0] [batch_t 0.312 (0.311)] [data_t 0.000] [optim_t 0.312] [lr 0.005000] [total 0.2727 (0.2765)] [rd 0.2302 (0.2384)] [cf 0.1375 (0.1123)] [gain 0.1874 (0.1952)] [img 0.0000 (0.0000)]
09/07 07:05:57 PM - Train:   8.77% [2000/22800] [17.5/200.0] [batch_t 0.310 (0.307)] [data_t 0.000] [optim_t 0.310] [lr 0.005000] [total 0.3393 (0.2952)] [rd 0.3154 (0.2683)] [cf 0.0329 (0.0535)] [gain 0.2165 (0.2025)] [img 0.0000 (0.0000)]
09/07 07:06:14 PM - Train:   8.99% [2050/22800] [18.0/200.0] [batch_t 0.306 (0.308)] [data_t 0.000] [optim_t 0.306] [lr 0.005000] [total 0.2652 (0.2764)] [rd 0.2443 (0.2542)] [cf 0.0232 (0.0304)] [gain 0.2023 (0.2012)] [img 0.0000 (0.0000)]
09/07 07:06:14 PM - ==> epoch 18/200 | elapsed 0:10:50 | remaining 1:49:34
09/07 07:06:30 PM - Train:   9.21% [2100/22800] [18.4/200.0] [batch_t 0.311 (0.308)] [data_t 0.000] [optim_t 0.311] [lr 0.005000] [total 0.2525 (0.2694)] [rd 0.2318 (0.2423)] [cf 0.0221 (0.0540)] [gain 0.2039 (0.2029)] [img 0.0000 (0.0000)]
09/07 07:06:47 PM - Train:   9.43% [2150/22800] [18.9/200.0] [batch_t 0.308 (0.311)] [data_t 0.000] [optim_t 0.308] [lr 0.005000] [total 0.2611 (0.2617)] [rd 0.2407 (0.2407)] [cf 0.0249 (0.0249)] [gain 0.1932 (0.1998)] [img 0.0000 (0.0000)]
09/07 07:06:52 PM - ==> epoch 19/200 | elapsed 0:11:26 | remaining 1:49:00
09/07 07:07:04 PM - Train:   9.65% [2200/22800] [19.3/200.0] [batch_t 0.313 (0.311)] [data_t 0.000] [optim_t 0.313] [lr 0.005000] [total 0.2566 (0.2817)] [rd 0.2323 (0.2427)] [cf 0.0454 (0.1146)] [gain 0.1898 (0.2016)] [img 0.0000 (0.0000)]
09/07 07:07:21 PM - Train:   9.87% [2250/22800] [19.7/200.0] [batch_t 0.301 (0.306)] [data_t 0.000] [optim_t 0.301] [lr 0.005000] [total 0.2282 (0.2579)] [rd 0.2068 (0.2324)] [cf 0.0226 (0.0478)] [gain 0.2116 (0.1991)] [img 0.0000 (0.0000)]
09/07 07:07:30 PM - ==> epoch 20/200 | elapsed 0:12:02 | remaining 1:48:25
09/07 07:07:37 PM - Train:  10.09% [2300/22800] [20.2/200.0] [batch_t 0.315 (0.315)] [data_t 0.000] [optim_t 0.315] [lr 0.005000] [total 0.2537 (0.2679)] [rd 0.2198 (0.2341)] [cf 0.0959 (0.0908)] [gain 0.1837 (0.1952)] [img 0.0000 (0.0000)]
09/07 07:07:54 PM - Train:  10.31% [2350/22800] [20.6/200.0] [batch_t 0.307 (0.306)] [data_t 0.000] [optim_t 0.307] [lr 0.005000] [total 0.2689 (0.2539)] [rd 0.2446 (0.2290)] [cf 0.0353 (0.0457)] [gain 0.2159 (0.1974)] [img 0.0000 (0.0000)]
09/07 07:08:07 PM - ==> epoch 21/200 | elapsed 0:12:38 | remaining 1:47:45
09/07 07:08:10 PM - Train:  10.53% [2400/22800] [21.1/200.0] [batch_t 0.322 (0.303)] [data_t 0.000] [optim_t 0.322] [lr 0.005000] [total 0.2719 (0.2883)] [rd 0.2304 (0.2406)] [cf 0.1281 (0.1574)] [gain 0.1980 (0.2023)] [img 0.0000 (0.0000)]
09/07 07:08:27 PM - Train:  10.75% [2450/22800] [21.5/200.0] [batch_t 0.291 (0.305)] [data_t 0.000] [optim_t 0.291] [lr 0.005000] [total 0.2299 (0.2548)] [rd 0.2091 (0.2286)] [cf 0.0230 (0.0520)] [gain 0.2022 (0.1968)] [img 0.0000 (0.0000)]
09/07 07:08:42 PM - Train:  10.96% [2500/22800] [21.9/200.0] [batch_t 0.306 (0.302)] [data_t 0.000] [optim_t 0.306] [lr 0.005000] [total 0.2523 (0.2477)] [rd 0.2337 (0.2255)] [cf 0.0195 (0.0330)] [gain 0.1843 (0.1952)] [img 0.0000 (0.0000)]
09/07 07:08:45 PM - ==> epoch 22/200 | elapsed 0:13:14 | remaining 1:47:04
09/07 07:09:01 PM - Train:  11.18% [2550/22800] [22.4/200.0] [batch_t 0.307 (0.307)] [data_t 0.000] [optim_t 0.307] [lr 0.005000] [total 0.2338 (0.2599)] [rd 0.2123 (0.2296)] [cf 0.0277 (0.0724)] [gain 0.1987 (0.1984)] [img 0.0000 (0.0000)]
09/07 07:09:16 PM - Train:  11.40% [2600/22800] [22.8/200.0] [batch_t 0.306 (0.307)] [data_t 0.000] [optim_t 0.306] [lr 0.005000] [total 0.4151 (0.2601)] [rd 0.3938 (0.2398)] [cf 0.0204 (0.0204)] [gain 0.2153 (0.2024)] [img 0.0000 (0.0000)]
09/07 07:09:22 PM - ==> epoch 23/200 | elapsed 0:13:49 | remaining 1:46:27
09/07 07:09:34 PM - Train:  11.62% [2650/22800] [23.2/200.0] [batch_t 0.309 (0.307)] [data_t 0.000] [optim_t 0.309] [lr 0.005000] [total 0.2674 (0.2789)] [rd 0.2370 (0.2374)] [cf 0.0632 (0.1282)] [gain 0.2224 (0.1987)] [img 0.0000 (0.0000)]
09/07 07:09:50 PM - Train:  11.84% [2700/22800] [23.7/200.0] [batch_t 0.353 (0.312)] [data_t 0.000] [optim_t 0.353] [lr 0.005000] [total 0.2662 (0.2768)] [rd 0.2316 (0.2422)] [cf 0.0961 (0.0929)] [gain 0.1912 (0.1999)] [img 0.0000 (0.0000)]
09/07 07:10:02 PM - ==> epoch 24/200 | elapsed 0:14:26 | remaining 1:45:53
09/07 07:10:08 PM - Train:  12.06% [2750/22800] [24.1/200.0] [batch_t 0.292 (0.294)] [data_t 0.000] [optim_t 0.292] [lr 0.005000] [total 0.2549 (0.3099)] [rd 0.2334 (0.2810)] [cf 0.0278 (0.0669)] [gain 0.1989 (0.1941)] [img 0.0000 (0.0000)]
09/07 07:10:23 PM - Train:  12.28% [2800/22800] [24.6/200.0] [batch_t 0.304 (0.299)] [data_t 0.000] [optim_t 0.304] [lr 0.005000] [total 0.2303 (0.2591)] [rd 0.2105 (0.2376)] [cf 0.0175 (0.0299)] [gain 0.2028 (0.1948)] [img 0.0000 (0.0000)]
09/07 07:10:40 PM - Train:  12.50% [2850/22800] [25.0/200.0] [batch_t 0.135 (0.304)] [data_t 0.000] [optim_t 0.135] [lr 0.005000] [total 0.2500 (0.2465)] [rd 0.2328 (0.2271)] [cf 0.0101 (0.0183)] [gain 0.1899 (0.1962)] [img 0.0000 (0.0000)]
09/07 07:10:40 PM - ==> epoch 25/200 | elapsed 0:15:01 | remaining 1:45:13
09/07 07:10:57 PM - Train:  12.72% [2900/22800] [25.4/200.0] [batch_t 0.300 (0.306)] [data_t 0.000] [optim_t 0.300] [lr 0.005000] [total 0.2285 (0.2478)] [rd 0.2026 (0.2229)] [cf 0.0568 (0.0459)] [gain 0.1821 (0.1968)] [img 0.0000 (0.0000)]
09/07 07:11:14 PM - Train:  12.94% [2950/22800] [25.9/200.0] [batch_t 0.306 (0.309)] [data_t 0.000] [optim_t 0.306] [lr 0.005000] [total 0.2254 (0.2416)] [rd 0.2062 (0.2211)] [cf 0.0189 (0.0250)] [gain 0.1933 (0.1946)] [img 0.0000 (0.0000)]
09/07 07:11:18 PM - ==> epoch 26/200 | elapsed 0:15:38 | remaining 1:44:38
09/07 07:11:31 PM - Train:  13.16% [3000/22800] [26.3/200.0] [batch_t 0.314 (0.305)] [data_t 0.000] [optim_t 0.314] [lr 0.005000] [total 0.2203 (0.2620)] [rd 0.1992 (0.2350)] [cf 0.0261 (0.0560)] [gain 0.1984 (0.1978)] [img 0.0000 (0.0000)]
09/07 07:11:48 PM - Train:  13.38% [3050/22800] [26.8/200.0] [batch_t 0.306 (0.305)] [data_t 0.000] [optim_t 0.306] [lr 0.005000] [total 0.2556 (0.2396)] [rd 0.2356 (0.2190)] [cf 0.0205 (0.0235)] [gain 0.1986 (0.1982)] [img 0.0000 (0.0000)]
09/07 07:11:56 PM - ==> epoch 27/200 | elapsed 0:16:14 | remaining 1:44:00
09/07 07:12:04 PM - Train:  13.60% [3100/22800] [27.2/200.0] [batch_t 0.309 (0.300)] [data_t 0.000] [optim_t 0.309] [lr 0.005000] [total 0.2458 (0.2547)] [rd 0.2258 (0.2197)] [cf 0.0170 (0.0955)] [gain 0.2070 (0.1992)] [img 0.0000 (0.0000)]
09/07 07:12:22 PM - Train:  13.82% [3150/22800] [27.6/200.0] [batch_t 0.311 (0.311)] [data_t 0.000] [optim_t 0.311] [lr 0.005000] [total 0.2216 (0.2425)] [rd 0.2023 (0.2191)] [cf 0.0166 (0.0385)] [gain 0.2002 (0.1959)] [img 0.0000 (0.0000)]
09/07 07:12:34 PM - ==> epoch 28/200 | elapsed 0:16:49 | remaining 1:43:23
09/07 07:12:38 PM - Train:  14.04% [3200/22800] [28.1/200.0] [batch_t 0.304 (0.304)] [data_t 0.000] [optim_t 0.304] [lr 0.005000] [total 0.2577 (0.2646)] [rd 0.2130 (0.2173)] [cf 0.1437 (0.1601)] [gain 0.1988 (0.1909)] [img 0.0000 (0.0000)]
09/07 07:12:55 PM - Train:  14.25% [3250/22800] [28.5/200.0] [batch_t 0.314 (0.307)] [data_t 0.000] [optim_t 0.314] [lr 0.005000] [total 0.2553 (0.2541)] [rd 0.2250 (0.2170)] [cf 0.0702 (0.1071)] [gain 0.2030 (0.1966)] [img 0.0000 (0.0000)]
09/07 07:13:11 PM - Train:  14.47% [3300/22800] [28.9/200.0] [batch_t 0.294 (0.305)] [data_t 0.000] [optim_t 0.294] [lr 0.005000] [total 0.2734 (0.2449)] [rd 0.2533 (0.2153)] [cf 0.0234 (0.0681)] [gain 0.1918 (0.1998)] [img 0.0000 (0.0000)]
09/07 07:13:12 PM - ==> epoch 29/200 | elapsed 0:17:25 | remaining 1:42:46
09/07 07:13:29 PM - Train:  14.69% [3350/22800] [29.4/200.0] [batch_t 0.315 (0.305)] [data_t 0.000] [optim_t 0.315] [lr 0.005000] [total 0.2529 (0.2624)] [rd 0.2144 (0.2185)] [cf 0.1146 (0.1402)] [gain 0.1952 (0.1980)] [img 0.0000 (0.0000)]
09/07 07:13:45 PM - Train:  14.91% [3400/22800] [29.8/200.0] [batch_t 0.297 (0.310)] [data_t 0.000] [optim_t 0.297] [lr 0.005000] [total 0.2328 (0.2371)] [rd 0.2143 (0.2125)] [cf 0.0144 (0.0436)] [gain 0.1951 (0.1974)] [img 0.0000 (0.0000)]
09/07 07:13:51 PM - ==> epoch 30/200 | elapsed 0:18:01 | remaining 1:42:09
09/07 07:14:01 PM - Train:  15.13% [3450/22800] [30.3/200.0] [batch_t 0.307 (0.305)] [data_t 0.000] [optim_t 0.307] [lr 0.005000] [total 0.3680 (0.3063)] [rd 0.3401 (0.2461)] [cf 0.0646 (0.2128)] [gain 0.1878 (0.2206)] [img 0.0000 (0.0000)]
09/07 07:14:17 PM - Train:  15.35% [3500/22800] [30.7/200.0] [batch_t 0.334 (0.325)] [data_t 0.000] [optim_t 0.334] [lr 0.005000] [total 0.2418 (0.2652)] [rd 0.2220 (0.2323)] [cf 0.0198 (0.0817)] [gain 0.1982 (0.2077)] [img 0.0000 (0.0000)]
09/07 07:14:29 PM - ==> epoch 31/200 | elapsed 0:18:39 | remaining 1:41:45
09/07 07:14:36 PM - Train:  15.57% [3550/22800] [31.1/200.0] [batch_t 0.322 (0.323)] [data_t 0.000] [optim_t 0.322] [lr 0.005000] [total 0.2566 (0.2976)] [rd 0.2106 (0.2335)] [cf 0.1575 (0.2378)] [gain 0.1811 (0.2070)] [img 0.0000 (0.0000)]
09/07 07:14:53 PM - Train:  15.79% [3600/22800] [31.6/200.0] [batch_t 0.321 (0.322)] [data_t 0.000] [optim_t 0.321] [lr 0.005000] [total 0.2329 (0.2529)] [rd 0.2073 (0.2143)] [cf 0.0475 (0.1137)] [gain 0.2013 (0.1974)] [img 0.0000 (0.0000)]
09/07 07:15:08 PM - ==> epoch 32/200 | elapsed 0:19:18 | remaining 1:41:19
09/07 07:15:10 PM - Train:  16.01% [3650/22800] [32.0/200.0] [batch_t 0.320 (0.319)] [data_t 0.000] [optim_t 0.320] [lr 0.005000] [total 0.3218 (0.3073)] [rd 0.2869 (0.2707)] [cf 0.0983 (0.1062)] [gain 0.1901 (0.1922)] [img 0.0000 (0.0000)]
09/07 07:15:26 PM - Train:  16.23% [3700/22800] [32.5/200.0] [batch_t 0.294 (0.305)] [data_t 0.000] [optim_t 0.294] [lr 0.005000] [total 0.2339 (0.2691)] [rd 0.2097 (0.2429)] [cf 0.0537 (0.0551)] [gain 0.1685 (0.1908)] [img 0.0000 (0.0000)]
09/07 07:15:42 PM - Train:  16.45% [3750/22800] [32.9/200.0] [batch_t 0.321 (0.316)] [data_t 0.000] [optim_t 0.321] [lr 0.005000] [total 0.1994 (0.2279)] [rd 0.1810 (0.2091)] [cf 0.0147 (0.0169)] [gain 0.1933 (0.1924)] [img 0.0000 (0.0000)]
09/07 07:15:45 PM - ==> epoch 33/200 | elapsed 0:19:54 | remaining 1:40:46
09/07 07:15:59 PM - Train:  16.67% [3800/22800] [33.3/200.0] [batch_t 0.324 (0.323)] [data_t 0.000] [optim_t 0.324] [lr 0.005000] [total 0.2321 (0.2402)] [rd 0.2117 (0.2111)] [cf 0.0251 (0.0646)] [gain 0.1929 (0.2021)] [img 0.0000 (0.0000)]
09/07 07:16:17 PM - Train:  16.89% [3850/22800] [33.8/200.0] [batch_t 0.326 (0.324)] [data_t 0.000] [optim_t 0.326] [lr 0.005000] [total 0.2738 (0.2324)] [rd 0.2541 (0.2133)] [cf 0.0176 (0.0159)] [gain 0.2030 (0.1987)] [img 0.0000 (0.0000)]
09/07 07:16:25 PM - ==> epoch 34/200 | elapsed 0:20:32 | remaining 1:40:19
09/07 07:16:34 PM - Train:  17.11% [3900/22800] [34.2/200.0] [batch_t 0.311 (0.315)] [data_t 0.000] [optim_t 0.311] [lr 0.005000] [total 0.2392 (0.2763)] [rd 0.2083 (0.2078)] [cf 0.0797 (0.2552)] [gain 0.1871 (0.2185)] [img 0.0000 (0.0000)]
09/07 07:16:50 PM - Train:  17.32% [3950/22800] [34.6/200.0] [batch_t 0.299 (0.301)] [data_t 0.000] [optim_t 0.298] [lr 0.005000] [total 0.2150 (0.2430)] [rd 0.1911 (0.2098)] [cf 0.0429 (0.0852)] [gain 0.1912 (0.2022)] [img 0.0000 (0.0000)]
09/07 07:17:02 PM - ==> epoch 35/200 | elapsed 0:21:08 | remaining 1:39:41
09/07 07:17:06 PM - Train:  17.54% [4000/22800] [35.1/200.0] [batch_t 0.298 (0.303)] [data_t 0.000] [optim_t 0.297] [lr 0.005000] [total 0.2710 (0.2713)] [rd 0.1913 (0.2055)] [cf 0.3168 (0.2458)] [gain 0.2047 (0.2081)] [img 0.0000 (0.0000)]
09/07 07:17:24 PM - Train:  17.76% [4050/22800] [35.5/200.0] [batch_t 0.324 (0.312)] [data_t 0.000] [optim_t 0.324] [lr 0.005000] [total 0.3063 (0.3016)] [rd 0.2209 (0.2044)] [cf 0.3619 (0.3967)] [gain 0.1626 (0.2229)] [img 0.0000 (0.0000)]
09/07 07:17:39 PM - Train:  17.98% [4100/22800] [36.0/200.0] [batch_t 0.293 (0.309)] [data_t 0.000] [optim_t 0.293] [lr 0.005000] [total 0.2709 (0.2995)] [rd 0.2042 (0.2104)] [cf 0.2670 (0.3631)] [gain 0.1662 (0.2066)] [img 0.0000 (0.0000)]
09/07 07:17:40 PM - ==> epoch 36/200 | elapsed 0:21:45 | remaining 1:39:05
09/07 07:17:57 PM - Train:  18.20% [4150/22800] [36.4/200.0] [batch_t 0.306 (0.312)] [data_t 0.000] [optim_t 0.306] [lr 0.005000] [total 0.2695 (0.2638)] [rd 0.2133 (0.2065)] [cf 0.1989 (0.2098)] [gain 0.2053 (0.1927)] [img 0.0000 (0.0000)]
09/07 07:18:13 PM - Train:  18.42% [4200/22800] [36.8/200.0] [batch_t 0.297 (0.304)] [data_t 0.000] [optim_t 0.297] [lr 0.005000] [total 0.2532 (0.2547)] [rd 0.2280 (0.2146)] [cf 0.0446 (0.1189)] [gain 0.2038 (0.2041)] [img 0.0000 (0.0000)]
09/07 07:18:18 PM - ==> epoch 37/200 | elapsed 0:22:21 | remaining 1:38:28
09/07 07:18:29 PM - Train:  18.64% [4250/22800] [37.3/200.0] [batch_t 0.322 (0.312)] [data_t 0.000] [optim_t 0.322] [lr 0.005000] [total 0.2361 (0.2663)] [rd 0.1891 (0.2091)] [cf 0.1602 (0.2107)] [gain 0.1876 (0.1884)] [img 0.0000 (0.0000)]
09/07 07:18:46 PM - Train:  18.86% [4300/22800] [37.7/200.0] [batch_t 0.305 (0.307)] [data_t 0.000] [optim_t 0.304] [lr 0.005000] [total 0.2384 (0.2415)] [rd 0.2143 (0.2046)] [cf 0.0402 (0.1029)] [gain 0.2014 (0.2038)] [img 0.0000 (0.0000)]
09/07 07:18:56 PM - ==> epoch 38/200 | elapsed 0:22:57 | remaining 1:37:52
09/07 07:19:03 PM - Train:  19.08% [4350/22800] [38.2/200.0] [batch_t 0.307 (0.310)] [data_t 0.000] [optim_t 0.307] [lr 0.005000] [total 0.2469 (0.2552)] [rd 0.2258 (0.2197)] [cf 0.0273 (0.0990)] [gain 0.1958 (0.1960)] [img 0.0000 (0.0000)]
09/07 07:19:20 PM - Train:  19.30% [4400/22800] [38.6/200.0] [batch_t 0.303 (0.305)] [data_t 0.000] [optim_t 0.303] [lr 0.005000] [total 0.2081 (0.2247)] [rd 0.1908 (0.2042)] [cf 0.0145 (0.0262)] [gain 0.1799 (0.1905)] [img 0.0000 (0.0000)]
09/07 07:19:34 PM - ==> epoch 39/200 | elapsed 0:23:34 | remaining 1:37:17
09/07 07:19:37 PM - Train:  19.52% [4450/22800] [39.0/200.0] [batch_t 0.316 (0.317)] [data_t 0.000] [optim_t 0.316] [lr 0.005000] [total 0.2517 (0.2429)] [rd 0.2139 (0.1996)] [cf 0.1112 (0.1396)] [gain 0.1948 (0.1918)] [img 0.0000 (0.0000)]
09/07 07:19:54 PM - Train:  19.74% [4500/22800] [39.5/200.0] [batch_t 0.310 (0.306)] [data_t 0.000] [optim_t 0.310] [lr 0.005000] [total 0.2354 (0.2269)] [rd 0.2132 (0.2007)] [cf 0.0292 (0.0537)] [gain 0.2049 (0.1940)] [img 0.0000 (0.0000)]
09/07 07:20:09 PM - Train:  19.96% [4550/22800] [39.9/200.0] [batch_t 0.305 (0.308)] [data_t 0.000] [optim_t 0.305] [lr 0.005000] [total 0.2304 (0.2258)] [rd 0.2092 (0.2038)] [cf 0.0277 (0.0320)] [gain 0.1960 (0.1948)] [img 0.0000 (0.0000)]
09/07 07:20:12 PM - ==> epoch 40/200 | elapsed 0:24:10 | remaining 1:36:41
09/07 07:20:26 PM - Train:  20.18% [4600/22800] [40.4/200.0] [batch_t 0.322 (0.315)] [data_t 0.000] [optim_t 0.322] [lr 0.005000] [total 0.2322 (0.2244)] [rd 0.2095 (0.1991)] [cf 0.0362 (0.0481)] [gain 0.1931 (0.1959)] [img 0.0000 (0.0000)]
09/07 07:20:44 PM - Train:  20.39% [4650/22800] [40.8/200.0] [batch_t 0.296 (0.308)] [data_t 0.000] [optim_t 0.296] [lr 0.005000] [total 0.2111 (0.2166)] [rd 0.1937 (0.1977)] [cf 0.0083 (0.0169)] [gain 0.1970 (0.1939)] [img 0.0000 (0.0000)]
09/07 07:20:51 PM - ==> epoch 41/200 | elapsed 0:24:46 | remaining 1:36:06
09/07 07:21:00 PM - Train:  20.61% [4700/22800] [41.2/200.0] [batch_t 0.303 (0.309)] [data_t 0.000] [optim_t 0.303] [lr 0.005000] [total 0.2095 (0.2486)] [rd 0.1885 (0.2029)] [cf 0.0179 (0.1450)] [gain 0.2175 (0.2085)] [img 0.0000 (0.0000)]
09/07 07:21:17 PM - Train:  20.83% [4750/22800] [41.7/200.0] [batch_t 0.296 (0.306)] [data_t 0.000] [optim_t 0.296] [lr 0.005000] [total 0.2584 (0.2315)] [rd 0.2391 (0.2068)] [cf 0.0202 (0.0448)] [gain 0.1906 (0.1964)] [img 0.0000 (0.0000)]
09/07 07:21:28 PM - ==> epoch 42/200 | elapsed 0:25:22 | remaining 1:35:28
09/07 07:21:33 PM - Train:  21.05% [4800/22800] [42.1/200.0] [batch_t 0.302 (0.311)] [data_t 0.000] [optim_t 0.302] [lr 0.005000] [total 0.2283 (0.2412)] [rd 0.1856 (0.1945)] [cf 0.1380 (0.1561)] [gain 0.1878 (0.1940)] [img 0.0000 (0.0000)]
09/07 07:21:50 PM - Train:  21.27% [4850/22800] [42.5/200.0] [batch_t 0.299 (0.305)] [data_t 0.000] [optim_t 0.299] [lr 0.005000] [total 0.2173 (0.2256)] [rd 0.1969 (0.1983)] [cf 0.0234 (0.0572)] [gain 0.1969 (0.1981)] [img 0.0000 (0.0000)]
09/07 07:22:06 PM - Train:  21.49% [4900/22800] [43.0/200.0] [batch_t 0.302 (0.308)] [data_t 0.000] [optim_t 0.302] [lr 0.005000] [total 0.2160 (0.2272)] [rd 0.1938 (0.2029)] [cf 0.0338 (0.0441)] [gain 0.1936 (0.1935)] [img 0.0000 (0.0000)]
09/07 07:22:06 PM - ==> epoch 43/200 | elapsed 0:25:58 | remaining 1:34:51
09/07 07:22:24 PM - Train:  21.71% [4950/22800] [43.4/200.0] [batch_t 0.297 (0.306)] [data_t 0.000] [optim_t 0.297] [lr 0.005000] [total 0.2059 (0.2256)] [rd 0.1868 (0.1983)] [cf 0.0232 (0.0606)] [gain 0.1810 (0.1896)] [img 0.0000 (0.0000)]
09/07 07:22:39 PM - Train:  21.93% [5000/22800] [43.9/200.0] [batch_t 0.300 (0.308)] [data_t 0.000] [optim_t 0.300] [lr 0.005000] [total 0.2298 (0.2230)] [rd 0.2109 (0.2006)] [cf 0.0199 (0.0365)] [gain 0.1870 (0.1898)] [img 0.0000 (0.0000)]
09/07 07:22:46 PM - ==> epoch 44/200 | elapsed 0:26:34 | remaining 1:34:14
09/07 07:22:57 PM - Train:  22.15% [5050/22800] [44.3/200.0] [batch_t 0.295 (0.302)] [data_t 0.000] [optim_t 0.295] [lr 0.005000] [total 0.2322 (0.2228)] [rd 0.2025 (0.1957)] [cf 0.0765 (0.0615)] [gain 0.1805 (0.1841)] [img 0.0000 (0.0000)]
09/07 07:23:12 PM - Train:  22.37% [5100/22800] [44.7/200.0] [batch_t 0.300 (0.307)] [data_t 0.000] [optim_t 0.300] [lr 0.005000] [total 0.1952 (0.2218)] [rd 0.1763 (0.1960)] [cf 0.0166 (0.0524)] [gain 0.1941 (0.1909)] [img 0.0000 (0.0000)]
09/07 07:23:23 PM - ==> epoch 45/200 | elapsed 0:27:10 | remaining 1:33:37
09/07 07:23:31 PM - Train:  22.59% [5150/22800] [45.2/200.0] [batch_t 0.300 (0.300)] [data_t 0.000] [optim_t 0.300] [lr 0.005000] [total 0.2273 (0.2398)] [rd 0.2046 (0.2079)] [cf 0.0388 (0.0834)] [gain 0.1873 (0.1900)] [img 0.0000 (0.0000)]
09/07 07:23:46 PM - Train:  22.81% [5200/22800] [45.6/200.0] [batch_t 0.326 (0.302)] [data_t 0.000] [optim_t 0.326] [lr 0.005000] [total 0.2399 (0.2176)] [rd 0.2205 (0.1972)] [cf 0.0172 (0.0253)] [gain 0.2003 (0.1922)] [img 0.0000 (0.0000)]
09/07 07:24:01 PM - ==> epoch 46/200 | elapsed 0:27:46 | remaining 1:33:00
09/07 07:24:04 PM - Train:  23.03% [5250/22800] [46.1/200.0] [batch_t 0.309 (0.305)] [data_t 0.000] [optim_t 0.309] [lr 0.005000] [total 0.2331 (0.2281)] [rd 0.1996 (0.1903)] [cf 0.0963 (0.1159)] [gain 0.1779 (0.1824)] [img 0.0000 (0.0000)]
09/07 07:24:19 PM - Train:  23.25% [5300/22800] [46.5/200.0] [batch_t 0.326 (0.303)] [data_t 0.000] [optim_t 0.326] [lr 0.005000] [total 0.2070 (0.2192)] [rd 0.1895 (0.1977)] [cf 0.0139 (0.0317)] [gain 0.1845 (0.1896)] [img 0.0000 (0.0000)]
09/07 07:24:37 PM - Train:  23.46% [5350/22800] [46.9/200.0] [batch_t 0.322 (0.308)] [data_t 0.000] [optim_t 0.322] [lr 0.005000] [total 0.1963 (0.2141)] [rd 0.1763 (0.1955)] [cf 0.0246 (0.0178)] [gain 0.1882 (0.1874)] [img 0.0000 (0.0000)]
09/07 07:24:39 PM - ==> epoch 47/200 | elapsed 0:28:22 | remaining 1:32:22
09/07 07:24:53 PM - Train:  23.68% [5400/22800] [47.4/200.0] [batch_t 0.329 (0.307)] [data_t 0.000] [optim_t 0.329] [lr 0.005000] [total 0.2257 (0.2333)] [rd 0.1981 (0.1953)] [cf 0.0668 (0.1127)] [gain 0.1779 (0.1925)] [img 0.0000 (0.0000)]
09/07 07:25:11 PM - Train:  23.90% [5450/22800] [47.8/200.0] [batch_t 0.324 (0.314)] [data_t 0.000] [optim_t 0.323] [lr 0.005000] [total 0.2072 (0.2232)] [rd 0.1839 (0.1949)] [cf 0.0415 (0.0656)] [gain 0.1868 (0.1887)] [img 0.0000 (0.0000)]
09/07 07:25:17 PM - ==> epoch 48/200 | elapsed 0:28:58 | remaining 1:31:46
09/07 07:25:27 PM - Train:  24.12% [5500/22800] [48.2/200.0] [batch_t 0.323 (0.307)] [data_t 0.000] [optim_t 0.323] [lr 0.005000] [total 0.2192 (0.2360)] [rd 0.1906 (0.1940)] [cf 0.0632 (0.1283)] [gain 0.2001 (0.2043)] [img 0.0000 (0.0000)]
09/07 07:25:44 PM - Train:  24.34% [5550/22800] [48.7/200.0] [batch_t 0.298 (0.309)] [data_t 0.000] [optim_t 0.298] [lr 0.005000] [total 0.2219 (0.2205)] [rd 0.2028 (0.1964)] [cf 0.0207 (0.0441)] [gain 0.1874 (0.1911)] [img 0.0000 (0.0000)]
09/07 07:25:55 PM - ==> epoch 49/200 | elapsed 0:29:34 | remaining 1:31:08
09/07 07:26:00 PM - Train:  24.56% [5600/22800] [49.1/200.0] [batch_t 0.322 (0.305)] [data_t 0.000] [optim_t 0.322] [lr 0.005000] [total 0.2351 (0.2632)] [rd 0.2104 (0.2080)] [cf 0.0356 (0.1893)] [gain 0.2197 (0.2170)] [img 0.0000 (0.0000)]
09/07 07:26:18 PM - Train:  24.78% [5650/22800] [49.6/200.0] [batch_t 0.297 (0.308)] [data_t 0.000] [optim_t 0.297] [lr 0.005000] [total 0.2032 (0.2196)] [rd 0.1814 (0.1947)] [cf 0.0275 (0.0495)] [gain 0.2042 (0.1878)] [img 0.0000 (0.0000)]
09/07 07:26:32 PM - Train:  25.00% [5700/22800] [50.0/200.0] [batch_t 0.131 (0.293)] [data_t 0.000] [optim_t 0.131] [lr 0.005000] [total 0.2378 (0.2155)] [rd 0.2152 (0.1956)] [cf 0.0324 (0.0248)] [gain 0.2021 (0.1869)] [img 0.0000 (0.0000)]
09/07 07:26:32 PM - ==> epoch 50/200 | elapsed 0:30:09 | remaining 1:30:29
09/07 07:26:51 PM - Train:  25.22% [5750/22800] [50.4/200.0] [batch_t 0.295 (0.310)] [data_t 0.000] [optim_t 0.295] [lr 0.005000] [total 0.2571 (0.2243)] [rd 0.2176 (0.1935)] [cf 0.1211 (0.0785)] [gain 0.1917 (0.1888)] [img 0.0000 (0.0000)]
09/07 07:27:06 PM - Train:  25.44% [5800/22800] [50.9/200.0] [batch_t 0.305 (0.307)] [data_t 0.000] [optim_t 0.305] [lr 0.005000] [total 0.2184 (0.2189)] [rd 0.1902 (0.1949)] [cf 0.0678 (0.0441)] [gain 0.1819 (0.1902)] [img 0.0000 (0.0000)]
09/07 07:27:11 PM - ==> epoch 51/200 | elapsed 0:30:46 | remaining 1:29:53
09/07 07:27:25 PM - Train:  25.66% [5850/22800] [51.3/200.0] [batch_t 0.303 (0.308)] [data_t 0.000] [optim_t 0.303] [lr 0.005000] [total 0.2302 (0.2366)] [rd 0.2025 (0.1993)] [cf 0.0599 (0.1060)] [gain 0.1964 (0.2009)] [img 0.0000 (0.0000)]
09/07 07:27:40 PM - Train:  25.88% [5900/22800] [51.8/200.0] [batch_t 0.307 (0.304)] [data_t 0.000] [optim_t 0.307] [lr 0.005000] [total 0.2087 (0.2200)] [rd 0.1904 (0.1961)] [cf 0.0201 (0.0431)] [gain 0.1790 (0.1908)] [img 0.0000 (0.0000)]
09/07 07:27:49 PM - ==> epoch 52/200 | elapsed 0:31:22 | remaining 1:29:17
09/07 07:27:59 PM - Train:  26.10% [5950/22800] [52.2/200.0] [batch_t 0.306 (0.310)] [data_t 0.000] [optim_t 0.306] [lr 0.005000] [total 0.2356 (0.2466)] [rd 0.2042 (0.1976)] [cf 0.0846 (0.1599)] [gain 0.1822 (0.2125)] [img 0.0000 (0.0000)]
09/07 07:28:14 PM - Train:  26.32% [6000/22800] [52.6/200.0] [batch_t 0.309 (0.303)] [data_t 0.000] [optim_t 0.309] [lr 0.005000] [total 0.1997 (0.2150)] [rd 0.1776 (0.1919)] [cf 0.0406 (0.0392)] [gain 0.1743 (0.1905)] [img 0.0000 (0.0000)]
09/07 07:28:28 PM - ==> epoch 53/200 | elapsed 0:31:58 | remaining 1:28:40
09/07 07:28:32 PM - Train:  26.54% [6050/22800] [53.1/200.0] [batch_t 0.314 (0.312)] [data_t 0.000] [optim_t 0.314] [lr 0.005000] [total 0.2130 (0.2502)] [rd 0.1765 (0.1906)] [cf 0.1105 (0.2093)] [gain 0.1803 (0.2224)] [img 0.0000 (0.0000)]
09/07 07:28:47 PM - Train:  26.75% [6100/22800] [53.5/200.0] [batch_t 0.306 (0.302)] [data_t 0.000] [optim_t 0.306] [lr 0.005000] [total 0.2136 (0.2234)] [rd 0.1915 (0.1935)] [cf 0.0304 (0.0702)] [gain 0.1999 (0.1978)] [img 0.0000 (0.0000)]
09/07 07:29:04 PM - Train:  26.97% [6150/22800] [53.9/200.0] [batch_t 0.312 (0.308)] [data_t 0.000] [optim_t 0.312] [lr 0.005000] [total 0.2047 (0.2135)] [rd 0.1826 (0.1921)] [cf 0.0365 (0.0334)] [gain 0.1860 (0.1844)] [img 0.0000 (0.0000)]
09/07 07:29:06 PM - ==> epoch 54/200 | elapsed 0:32:34 | remaining 1:28:03
09/07 07:29:21 PM - Train:  27.19% [6200/22800] [54.4/200.0] [batch_t 0.296 (0.299)] [data_t 0.000] [optim_t 0.296] [lr 0.005000] [total 0.2157 (0.2216)] [rd 0.1937 (0.1911)] [cf 0.0307 (0.0775)] [gain 0.1988 (0.1878)] [img 0.0000 (0.0000)]
09/07 07:29:38 PM - Train:  27.41% [6250/22800] [54.8/200.0] [batch_t 0.316 (0.308)] [data_t 0.000] [optim_t 0.316] [lr 0.005000] [total 0.2149 (0.2117)] [rd 0.1969 (0.1889)] [cf 0.0336 (0.0425)] [gain 0.1403 (0.1790)] [img 0.0000 (0.0000)]
09/07 07:29:44 PM - ==> epoch 55/200 | elapsed 0:33:10 | remaining 1:27:27
09/07 07:29:54 PM - Train:  27.63% [6300/22800] [55.3/200.0] [batch_t 0.300 (0.296)] [data_t 0.000] [optim_t 0.300] [lr 0.005000] [total 0.2080 (0.2173)] [rd 0.1844 (0.1886)] [cf 0.0416 (0.0696)] [gain 0.1902 (0.1854)] [img 0.0000 (0.0000)]
09/07 07:30:11 PM - Train:  27.85% [6350/22800] [55.7/200.0] [batch_t 0.296 (0.302)] [data_t 0.000] [optim_t 0.296] [lr 0.005000] [total 0.2248 (0.2084)] [rd 0.2032 (0.1867)] [cf 0.0269 (0.0381)] [gain 0.2021 (0.1768)] [img 0.0000 (0.0000)]
09/07 07:30:21 PM - ==> epoch 56/200 | elapsed 0:33:45 | remaining 1:26:48
09/07 07:30:27 PM - Train:  28.07% [6400/22800] [56.1/200.0] [batch_t 0.296 (0.311)] [data_t 0.000] [optim_t 0.296] [lr 0.005000] [total 0.2196 (0.2559)] [rd 0.1970 (0.1917)] [cf 0.0332 (0.2308)] [gain 0.1995 (0.2254)] [img 0.0000 (0.0000)]
09/07 07:30:45 PM - Train:  28.29% [6450/22800] [56.6/200.0] [batch_t 0.297 (0.305)] [data_t 0.000] [optim_t 0.297] [lr 0.005000] [total 0.1983 (0.2129)] [rd 0.1760 (0.1866)] [cf 0.0506 (0.0574)] [gain 0.1523 (0.1845)] [img 0.0000 (0.0000)]
09/07 07:30:59 PM - ==> epoch 57/200 | elapsed 0:34:21 | remaining 1:26:11
09/07 07:31:01 PM - Train:  28.51% [6500/22800] [57.0/200.0] [batch_t 0.297 (0.298)] [data_t 0.000] [optim_t 0.297] [lr 0.005000] [total 0.2384 (0.2421)] [rd 0.1881 (0.1899)] [cf 0.1825 (0.1920)] [gain 0.1727 (0.1729)] [img 0.0000 (0.0000)]
09/07 07:31:18 PM - Train:  28.73% [6550/22800] [57.5/200.0] [batch_t 0.298 (0.305)] [data_t 0.000] [optim_t 0.298] [lr 0.005000] [total 0.2085 (0.2099)] [rd 0.1891 (0.1872)] [cf 0.0208 (0.0450)] [gain 0.1902 (0.1709)] [img 0.0000 (0.0000)]
09/07 07:31:33 PM - Train:  28.95% [6600/22800] [57.9/200.0] [batch_t 0.326 (0.303)] [data_t 0.000] [optim_t 0.326] [lr 0.005000] [total 0.2000 (0.2051)] [rd 0.1823 (0.1868)] [cf 0.0196 (0.0243)] [gain 0.1715 (0.1676)] [img 0.0000 (0.0000)]
09/07 07:31:37 PM - ==> epoch 58/200 | elapsed 0:34:57 | remaining 1:25:34
09/07 07:31:52 PM - Train:  29.17% [6650/22800] [58.3/200.0] [batch_t 0.296 (0.309)] [data_t 0.000] [optim_t 0.296] [lr 0.005000] [total 0.1884 (0.2202)] [rd 0.1536 (0.1877)] [cf 0.1008 (0.0910)] [gain 0.1834 (0.1779)] [img 0.0000 (0.0000)]
09/07 07:32:07 PM - Train:  29.39% [6700/22800] [58.8/200.0] [batch_t 0.326 (0.303)] [data_t 0.000] [optim_t 0.326] [lr 0.005000] [total 0.2066 (0.2209)] [rd 0.1746 (0.1888)] [cf 0.0937 (0.0922)] [gain 0.1652 (0.1708)] [img 0.0000 (0.0000)]
09/07 07:32:15 PM - ==> epoch 59/200 | elapsed 0:35:33 | remaining 1:24:57
09/07 07:32:23 PM - Train:  29.61% [6750/22800] [59.2/200.0] [batch_t 0.322 (0.305)] [data_t 0.000] [optim_t 0.322] [lr 0.005000] [total 0.2872 (0.2691)] [rd 0.1910 (0.1873)] [cf 0.4069 (0.3281)] [gain 0.1853 (0.2016)] [img 0.0000 (0.0000)]
09/07 07:32:41 PM - Train:  29.82% [6800/22800] [59.6/200.0] [batch_t 0.314 (0.305)] [data_t 0.000] [optim_t 0.313] [lr 0.005000] [total 0.4515 (0.3487)] [rd 0.2584 (0.2320)] [cf 0.8515 (0.4990)] [gain 0.2857 (0.2118)] [img 0.0000 (0.0000)]
09/07 07:32:53 PM - ==> epoch 60/200 | elapsed 0:36:08 | remaining 1:24:20
09/07 07:32:57 PM - Train:  30.04% [6850/22800] [60.1/200.0] [batch_t 0.323 (0.312)] [data_t 0.000] [optim_t 0.323] [lr 0.005000] [total 0.2713 (0.2615)] [rd 0.1643 (0.1946)] [cf 0.4577 (0.2577)] [gain 0.1926 (0.1925)] [img 0.0000 (0.0000)]
09/07 07:33:14 PM - Train:  30.26% [6900/22800] [60.5/200.0] [batch_t 0.294 (0.305)] [data_t 0.000] [optim_t 0.294] [lr 0.005000] [total 0.2115 (0.2547)] [rd 0.1814 (0.1908)] [cf 0.0734 (0.2432)] [gain 0.1928 (0.1901)] [img 0.0000 (0.0000)]
09/07 07:33:29 PM - Train:  30.48% [6950/22800] [61.0/200.0] [batch_t 0.315 (0.304)] [data_t 0.000] [optim_t 0.315] [lr 0.005000] [total 0.1998 (0.2168)] [rd 0.1824 (0.1939)] [cf 0.0184 (0.0443)] [gain 0.1711 (0.1753)] [img 0.0000 (0.0000)]
09/07 07:33:30 PM - ==> epoch 61/200 | elapsed 0:36:44 | remaining 1:23:43
09/07 07:33:48 PM - Train:  30.70% [7000/22800] [61.4/200.0] [batch_t 0.294 (0.305)] [data_t 0.000] [optim_t 0.294] [lr 0.005000] [total 0.2037 (0.2100)] [rd 0.1852 (0.1845)] [cf 0.0121 (0.0563)] [gain 0.2010 (0.1774)] [img 0.0000 (0.0000)]
09/07 07:34:03 PM - Train:  30.92% [7050/22800] [61.8/200.0] [batch_t 0.299 (0.303)] [data_t 0.000] [optim_t 0.299] [lr 0.005000] [total 0.1981 (0.2059)] [rd 0.1827 (0.1878)] [cf 0.0107 (0.0214)] [gain 0.1656 (0.1717)] [img 0.0000 (0.0000)]
09/07 07:34:10 PM - ==> epoch 62/200 | elapsed 0:37:20 | remaining 1:23:07
09/07 07:34:21 PM - Train:  31.14% [7100/22800] [62.3/200.0] [batch_t 0.295 (0.307)] [data_t 0.000] [optim_t 0.295] [lr 0.005000] [total 0.2132 (0.2358)] [rd 0.1786 (0.1878)] [cf 0.0978 (0.1613)] [gain 0.1877 (0.1959)] [img 0.0000 (0.0000)]
09/07 07:34:36 PM - Train:  31.36% [7150/22800] [62.7/200.0] [batch_t 0.311 (0.300)] [data_t 0.000] [optim_t 0.311] [lr 0.005000] [total 0.2162 (0.2093)] [rd 0.1949 (0.1820)] [cf 0.0290 (0.0648)] [gain 0.1937 (0.1791)] [img 0.0000 (0.0000)]
09/07 07:34:48 PM - ==> epoch 63/200 | elapsed 0:37:56 | remaining 1:22:30
09/07 07:34:55 PM - Train:  31.58% [7200/22800] [63.2/200.0] [batch_t 0.295 (0.297)] [data_t 0.000] [optim_t 0.295] [lr 0.005000] [total 0.2188 (0.2262)] [rd 0.1999 (0.1870)] [cf 0.0320 (0.1209)] [gain 0.1567 (0.1881)] [img 0.0000 (0.0000)]
09/07 07:35:10 PM - Train:  31.80% [7250/22800] [63.6/200.0] [batch_t 0.296 (0.298)] [data_t 0.000] [optim_t 0.296] [lr 0.005000] [total 0.2106 (0.2025)] [rd 0.1904 (0.1834)] [cf 0.0355 (0.0325)] [gain 0.1638 (0.1569)] [img 0.0000 (0.0000)]
09/07 07:35:26 PM - ==> epoch 64/200 | elapsed 0:38:32 | remaining 1:21:54
09/07 07:35:28 PM - Train:  32.02% [7300/22800] [64.0/200.0] [batch_t 0.297 (0.297)] [data_t 0.000] [optim_t 0.297] [lr 0.005000] [total 0.2384 (0.2592)] [rd 0.1913 (0.1900)] [cf 0.1677 (0.2618)] [gain 0.1698 (0.2098)] [img 0.0000 (0.0000)]
09/07 07:35:43 PM - Train:  32.24% [7350/22800] [64.5/200.0] [batch_t 0.299 (0.296)] [data_t 0.000] [optim_t 0.299] [lr 0.005000] [total 0.2168 (0.2100)] [rd 0.1780 (0.1822)] [cf 0.1321 (0.0716)] [gain 0.1547 (0.1684)] [img 0.0000 (0.0000)]
09/07 07:36:01 PM - Train:  32.46% [7400/22800] [64.9/200.0] [batch_t 0.298 (0.313)] [data_t 0.000] [optim_t 0.298] [lr 0.005000] [total 0.1890 (0.2029)] [rd 0.1736 (0.1809)] [cf 0.0081 (0.0453)] [gain 0.1734 (0.1624)] [img 0.0000 (0.0000)]
09/07 07:36:04 PM - ==> epoch 65/200 | elapsed 0:39:08 | remaining 1:21:16
09/07 07:36:16 PM - Train:  32.68% [7450/22800] [65.4/200.0] [batch_t 0.299 (0.296)] [data_t 0.000] [optim_t 0.299] [lr 0.005000] [total 0.1945 (0.2027)] [rd 0.1783 (0.1790)] [cf 0.0123 (0.0552)] [gain 0.1717 (0.1578)] [img 0.0000 (0.0000)]
09/07 07:36:34 PM - Train:  32.89% [7500/22800] [65.8/200.0] [batch_t 0.297 (0.312)] [data_t 0.000] [optim_t 0.297] [lr 0.005000] [total 0.2095 (0.1974)] [rd 0.1981 (0.1831)] [cf 0.0166 (0.0136)] [gain 0.1007 (0.1455)] [img 0.0000 (0.0000)]
09/07 07:36:41 PM - ==> epoch 66/200 | elapsed 0:39:43 | remaining 1:20:39
09/07 07:36:50 PM - Train:  33.11% [7550/22800] [66.2/200.0] [batch_t 0.295 (0.297)] [data_t 0.000] [optim_t 0.294] [lr 0.005000] [total 0.2267 (0.2109)] [rd 0.2050 (0.1806)] [cf 0.0477 (0.0879)] [gain 0.1516 (0.1597)] [img 0.0000 (0.0000)]
09/07 07:37:07 PM - Train:  33.33% [7600/22800] [66.7/200.0] [batch_t 0.296 (0.311)] [data_t 0.000] [optim_t 0.296] [lr 0.005000] [total 0.1791 (0.2008)] [rd 0.1614 (0.1824)] [cf 0.0130 (0.0323)] [gain 0.1893 (0.1498)] [img 0.0000 (0.0000)]
09/07 07:37:19 PM - ==> epoch 67/200 | elapsed 0:40:19 | remaining 1:20:02
09/07 07:37:24 PM - Train:  33.55% [7650/22800] [67.1/200.0] [batch_t 0.301 (0.311)] [data_t 0.000] [optim_t 0.301] [lr 0.005000] [total 0.2163 (0.2640)] [rd 0.1836 (0.2158)] [cf 0.1135 (0.1746)] [gain 0.1247 (0.1658)] [img 0.0000 (0.0000)]
09/07 07:37:41 PM - Train:  33.77% [7700/22800] [67.5/200.0] [batch_t 0.300 (0.307)] [data_t 0.000] [optim_t 0.300] [lr 0.005000] [total 0.1986 (0.2021)] [rd 0.1785 (0.1844)] [cf 0.0215 (0.0278)] [gain 0.1979 (0.1519)] [img 0.0000 (0.0000)]
09/07 07:37:56 PM - Train:  33.99% [7750/22800] [68.0/200.0] [batch_t 0.304 (0.304)] [data_t 0.000] [optim_t 0.304] [lr 0.005000] [total 0.2086 (0.1978)] [rd 0.1894 (0.1831)] [cf 0.0229 (0.0151)] [gain 0.1826 (0.1466)] [img 0.0000 (0.0000)]
09/07 07:37:57 PM - ==> epoch 68/200 | elapsed 0:40:55 | remaining 1:19:26
09/07 07:38:15 PM - Train:  34.21% [7800/22800] [68.4/200.0] [batch_t 0.306 (0.307)] [data_t 0.000] [optim_t 0.306] [lr 0.005000] [total 0.2077 (0.2306)] [rd 0.1811 (0.1868)] [cf 0.0752 (0.1512)] [gain 0.1457 (0.1706)] [img 0.0000 (0.0000)]
09/07 07:38:30 PM - Train:  34.43% [7850/22800] [68.9/200.0] [batch_t 0.309 (0.303)] [data_t 0.000] [optim_t 0.309] [lr 0.005000] [total 0.2139 (0.2070)] [rd 0.1884 (0.1815)] [cf 0.0701 (0.0684)] [gain 0.1429 (0.1482)] [img 0.0000 (0.0000)]
09/07 07:38:35 PM - ==> epoch 69/200 | elapsed 0:41:31 | remaining 1:18:50
09/07 07:38:48 PM - Train:  34.65% [7900/22800] [69.3/200.0] [batch_t 0.309 (0.307)] [data_t 0.000] [optim_t 0.309] [lr 0.005000] [total 0.1956 (0.2272)] [rd 0.1758 (0.1792)] [cf 0.0446 (0.1678)] [gain 0.1359 (0.1798)] [img 0.0000 (0.0000)]
09/07 07:39:03 PM - Train:  34.87% [7950/22800] [69.7/200.0] [batch_t 0.299 (0.304)] [data_t 0.000] [optim_t 0.299] [lr 0.005000] [total 0.1813 (0.2002)] [rd 0.1642 (0.1805)] [cf 0.0138 (0.0406)] [gain 0.1787 (0.1458)] [img 0.0000 (0.0000)]
09/07 07:39:12 PM - ==> epoch 70/200 | elapsed 0:42:07 | remaining 1:18:13
09/07 07:39:22 PM - Train:  35.09% [8000/22800] [70.2/200.0] [batch_t 0.312 (0.305)] [data_t 0.000] [optim_t 0.311] [lr 0.005000] [total 0.1950 (0.2282)] [rd 0.1645 (0.1848)] [cf 0.0918 (0.1485)] [gain 0.1525 (0.1711)] [img 0.0000 (0.0000)]
09/07 07:39:37 PM - Train:  35.31% [8050/22800] [70.6/200.0] [batch_t 0.302 (0.304)] [data_t 0.000] [optim_t 0.302] [lr 0.005000] [total 0.1788 (0.1956)] [rd 0.1653 (0.1769)] [cf 0.0195 (0.0366)] [gain 0.1192 (0.1416)] [img 0.0000 (0.0000)]
09/07 07:39:52 PM - ==> epoch 71/200 | elapsed 0:42:43 | remaining 1:17:37
09/07 07:39:55 PM - Train:  35.53% [8100/22800] [71.1/200.0] [batch_t 0.307 (0.306)] [data_t 0.000] [optim_t 0.307] [lr 0.005000] [total 0.1894 (0.2040)] [rd 0.1616 (0.1742)] [cf 0.0593 (0.0933)] [gain 0.1996 (0.1392)] [img 0.0000 (0.0000)]
09/07 07:40:10 PM - Train:  35.75% [8150/22800] [71.5/200.0] [batch_t 0.299 (0.305)] [data_t 0.000] [optim_t 0.299] [lr 0.005000] [total 0.2100 (0.1938)] [rd 0.1966 (0.1794)] [cf 0.0155 (0.0219)] [gain 0.1288 (0.1254)] [img 0.0000 (0.0000)]
09/07 07:40:27 PM - Train:  35.96% [8200/22800] [71.9/200.0] [batch_t 0.305 (0.306)] [data_t 0.000] [optim_t 0.305] [lr 0.005000] [total 0.1931 (0.1900)] [rd 0.1777 (0.1770)] [cf 0.0122 (0.0137)] [gain 0.1621 (0.1280)] [img 0.0000 (0.0000)]
09/07 07:40:30 PM - ==> epoch 72/200 | elapsed 0:43:19 | remaining 1:17:00
09/07 07:40:44 PM - Train:  36.18% [8250/22800] [72.4/200.0] [batch_t 0.302 (0.304)] [data_t 0.000] [optim_t 0.302] [lr 0.005000] [total 0.1806 (0.2018)] [rd 0.1670 (0.1766)] [cf 0.0386 (0.0701)] [gain 0.0730 (0.1397)] [img 0.0000 (0.0000)]
09/07 07:41:01 PM - Train:  36.40% [8300/22800] [72.8/200.0] [batch_t 0.309 (0.306)] [data_t 0.000] [optim_t 0.309] [lr 0.005000] [total 0.2095 (0.1922)] [rd 0.1965 (0.1775)] [cf 0.0353 (0.0219)] [gain 0.0748 (0.1299)] [img 0.0000 (0.0000)]
09/07 07:41:08 PM - ==> epoch 73/200 | elapsed 0:43:55 | remaining 1:16:24
09/07 07:41:17 PM - Train:  36.62% [8350/22800] [73.2/200.0] [batch_t 0.301 (0.302)] [data_t 0.000] [optim_t 0.301] [lr 0.005000] [total 0.1958 (0.2320)] [rd 0.1737 (0.1772)] [cf 0.0649 (0.2081)] [gain 0.1140 (0.1644)] [img 0.0000 (0.0000)]
09/07 07:41:34 PM - Train:  36.84% [8400/22800] [73.7/200.0] [batch_t 0.307 (0.306)] [data_t 0.000] [optim_t 0.307] [lr 0.005000] [total 0.2019 (0.2042)] [rd 0.1661 (0.1770)] [cf 0.1495 (0.0829)] [gain 0.0738 (0.1326)] [img 0.0000 (0.0000)]
09/07 07:41:45 PM - ==> epoch 74/200 | elapsed 0:44:31 | remaining 1:15:48
09/07 07:41:51 PM - Train:  37.06% [8450/22800] [74.1/200.0] [batch_t 0.305 (0.301)] [data_t 0.000] [optim_t 0.304] [lr 0.005000] [total 0.2120 (0.2354)] [rd 0.1793 (0.1769)] [cf 0.1246 (0.2237)] [gain 0.0963 (0.1722)] [img 0.0000 (0.0000)]
09/07 07:42:08 PM - Train:  37.28% [8500/22800] [74.6/200.0] [batch_t 0.304 (0.306)] [data_t 0.000] [optim_t 0.303] [lr 0.005000] [total 0.2175 (0.1934)] [rd 0.2037 (0.1778)] [cf 0.0328 (0.0276)] [gain 0.0911 (0.1257)] [img 0.0000 (0.0000)]
09/07 07:42:23 PM - Train:  37.50% [8550/22800] [75.0/200.0] [batch_t 0.135 (0.302)] [data_t 0.000] [optim_t 0.135] [lr 0.005000] [total 0.1965 (0.1924)] [rd 0.1853 (0.1785)] [cf 0.0212 (0.0226)] [gain 0.0876 (0.1177)] [img 0.0000 (0.0000)]
09/07 07:42:23 PM - ==> epoch 75/200 | elapsed 0:45:07 | remaining 1:15:12
09/07 07:42:42 PM - Train:  37.72% [8600/22800] [75.4/200.0] [batch_t 0.308 (0.306)] [data_t 0.000] [optim_t 0.308] [lr 0.005000] [total 0.1777 (0.1995)] [rd 0.1640 (0.1777)] [cf 0.0232 (0.0602)] [gain 0.1132 (0.1215)] [img 0.0000 (0.0000)]
09/07 07:42:57 PM - Train:  37.94% [8650/22800] [75.9/200.0] [batch_t 0.301 (0.306)] [data_t 0.000] [optim_t 0.301] [lr 0.005000] [total 0.1787 (0.1881)] [rd 0.1697 (0.1750)] [cf 0.0077 (0.0174)] [gain 0.0928 (0.1198)] [img 0.0000 (0.0000)]
09/07 07:43:01 PM - ==> epoch 76/200 | elapsed 0:45:43 | remaining 1:14:36
09/07 07:43:16 PM - Train:  38.16% [8700/22800] [76.3/200.0] [batch_t 0.304 (0.306)] [data_t 0.000] [optim_t 0.304] [lr 0.005000] [total 0.1833 (0.1958)] [rd 0.1731 (0.1781)] [cf 0.0179 (0.0409)] [gain 0.0824 (0.1190)] [img 0.0000 (0.0000)]
09/07 07:43:31 PM - Train:  38.38% [8750/22800] [76.8/200.0] [batch_t 0.299 (0.305)] [data_t 0.000] [optim_t 0.299] [lr 0.005000] [total 0.1988 (0.1871)] [rd 0.1877 (0.1757)] [cf 0.0110 (0.0133)] [gain 0.1122 (0.1099)] [img 0.0000 (0.0000)]
09/07 07:43:39 PM - ==> epoch 77/200 | elapsed 0:46:19 | remaining 1:14:00
09/07 07:43:49 PM - Train:  38.60% [8800/22800] [77.2/200.0] [batch_t 0.305 (0.306)] [data_t 0.000] [optim_t 0.305] [lr 0.005000] [total 0.2122 (0.2339)] [rd 0.1987 (0.2067)] [cf 0.0246 (0.0791)] [gain 0.1078 (0.1422)] [img 0.0000 (0.0000)]
09/07 07:44:04 PM - Train:  38.82% [8850/22800] [77.6/200.0] [batch_t 0.304 (0.306)] [data_t 0.000] [optim_t 0.304] [lr 0.005000] [total 0.2015 (0.1954)] [rd 0.1892 (0.1814)] [cf 0.0169 (0.0230)] [gain 0.1113 (0.1174)] [img 0.0000 (0.0000)]
09/07 07:44:17 PM - ==> epoch 78/200 | elapsed 0:46:55 | remaining 1:13:23
09/07 07:44:22 PM - Train:  39.04% [8900/22800] [78.1/200.0] [batch_t 0.319 (0.318)] [data_t 0.000] [optim_t 0.319] [lr 0.005000] [total 0.2083 (0.2549)] [rd 0.1572 (0.1931)] [cf 0.2084 (0.2397)] [gain 0.1172 (0.1732)] [img 0.0000 (0.0000)]
09/07 07:44:38 PM - Train:  39.25% [8950/22800] [78.5/200.0] [batch_t 0.305 (0.303)] [data_t 0.000] [optim_t 0.305] [lr 0.005000] [total 0.1758 (0.2036)] [rd 0.1544 (0.1799)] [cf 0.0558 (0.0700)] [gain 0.1284 (0.1217)] [img 0.0000 (0.0000)]
09/07 07:44:53 PM - Train:  39.47% [9000/22800] [78.9/200.0] [batch_t 0.307 (0.306)] [data_t 0.000] [optim_t 0.307] [lr 0.005000] [total 0.1997 (0.1911)] [rd 0.1860 (0.1754)] [cf 0.0124 (0.0318)] [gain 0.1404 (0.1157)] [img 0.0000 (0.0000)]
09/07 07:44:55 PM - ==> epoch 79/200 | elapsed 0:47:31 | remaining 1:12:47
09/07 07:45:11 PM - Train:  39.69% [9050/22800] [79.4/200.0] [batch_t 0.299 (0.304)] [data_t 0.000] [optim_t 0.299] [lr 0.005000] [total 0.1916 (0.2255)] [rd 0.1678 (0.1749)] [cf 0.0786 (0.1907)] [gain 0.1011 (0.1555)] [img 0.0000 (0.0000)]
09/07 07:45:26 PM - Train:  39.91% [9100/22800] [79.8/200.0] [batch_t 0.306 (0.305)] [data_t 0.000] [optim_t 0.306] [lr 0.005000] [total 0.1909 (0.1988)] [rd 0.1725 (0.1746)] [cf 0.0536 (0.0698)] [gain 0.0960 (0.1272)] [img 0.0000 (0.0000)]
09/07 07:45:34 PM - ==> epoch 80/200 | elapsed 0:48:07 | remaining 1:12:11
09/07 07:45:46 PM - Train:  40.13% [9150/22800] [80.3/200.0] [batch_t 0.352 (0.363)] [data_t 0.000] [optim_t 0.352] [lr 0.005000] [total 0.1997 (0.2068)] [rd 0.1772 (0.1771)] [cf 0.0620 (0.0770)] [gain 0.0745 (0.1215)] [img 1.2420 (1.3762)]
09/07 07:46:07 PM - Train:  40.35% [9200/22800] [80.7/200.0] [batch_t 0.386 (0.362)] [data_t 0.000] [optim_t 0.386] [lr 0.005000] [total 0.1881 (0.1923)] [rd 0.1721 (0.1738)] [cf 0.0200 (0.0239)] [gain 0.1031 (0.1185)] [img 1.1247 (1.2786)]
09/07 07:46:19 PM - ==> epoch 81/200 | elapsed 0:48:49 | remaining 1:11:44
09/07 07:46:26 PM - Train:  40.57% [9250/22800] [81.1/200.0] [batch_t 0.346 (0.359)] [data_t 0.000] [optim_t 0.346] [lr 0.005000] [total 0.2952 (0.2732)] [rd 0.1864 (0.1731)] [cf 0.4660 (0.3941)] [gain 0.1055 (0.1598)] [img 1.0693 (1.2705)]
09/07 07:46:46 PM - Train:  40.79% [9300/22800] [81.6/200.0] [batch_t 0.369 (0.359)] [data_t 0.000] [optim_t 0.368] [lr 0.005000] [total 0.2089 (0.2065)] [rd 0.1862 (0.1733)] [cf 0.0237 (0.0799)] [gain 0.1202 (0.1185)] [img 1.2589 (1.1627)]
09/07 07:47:03 PM - ==> epoch 82/200 | elapsed 0:49:31 | remaining 1:11:16
09/07 07:47:05 PM - Train:  41.01% [9350/22800] [82.0/200.0] [batch_t 0.367 (0.368)] [data_t 0.000] [optim_t 0.367] [lr 0.005000] [total 0.2234 (0.2311)] [rd 0.1735 (0.1795)] [cf 0.1356 (0.1352)] [gain 0.1405 (0.1619)] [img 1.1467 (1.1601)]
09/07 07:47:23 PM - Train:  41.23% [9400/22800] [82.5/200.0] [batch_t 0.366 (0.365)] [data_t 0.000] [optim_t 0.366] [lr 0.005000] [total 0.1837 (0.2025)] [rd 0.1628 (0.1738)] [cf 0.0193 (0.0402)] [gain 0.0967 (0.1147)] [img 0.9394 (1.1514)]
09/07 07:47:44 PM - Train:  41.45% [9450/22800] [82.9/200.0] [batch_t 0.362 (0.365)] [data_t 0.000] [optim_t 0.362] [lr 0.005000] [total 0.1763 (0.2011)] [rd 0.1579 (0.1755)] [cf 0.0259 (0.0249)] [gain 0.0349 (0.1185)] [img 1.0426 (1.1125)]
09/07 07:47:49 PM - ==> epoch 83/200 | elapsed 0:50:14 | remaining 1:10:49
09/07 07:48:06 PM - Train:  41.67% [9500/22800] [83.3/200.0] [batch_t 0.364 (0.366)] [data_t 0.000] [optim_t 0.364] [lr 0.005000] [total 0.2493 (0.2449)] [rd 0.1745 (0.1745)] [cf 0.2534 (0.2240)] [gain 0.1174 (0.1474)] [img 1.1069 (1.0336)]
09/07 07:48:24 PM - Train:  41.89% [9550/22800] [83.8/200.0] [batch_t 0.362 (0.364)] [data_t 0.000] [optim_t 0.362] [lr 0.005000] [total 0.2319 (0.2446)] [rd 0.1608 (0.1740)] [cf 0.2455 (0.2241)] [gain 0.1362 (0.1505)] [img 0.8361 (1.0264)]
09/07 07:48:33 PM - ==> epoch 84/200 | elapsed 0:50:57 | remaining 1:10:21
09/07 07:48:45 PM - Train:  42.11% [9600/22800] [84.2/200.0] [batch_t 0.362 (0.365)] [data_t 0.000] [optim_t 0.362] [lr 0.005000] [total 0.2822 (0.3015)] [rd 0.1695 (0.1724)] [cf 0.4185 (0.4942)] [gain 0.1760 (0.1703)] [img 0.9007 (0.9956)]
09/07 07:49:03 PM - Train:  42.32% [9650/22800] [84.6/200.0] [batch_t 0.364 (0.363)] [data_t 0.000] [optim_t 0.364] [lr 0.005000] [total 0.2905 (0.2937)] [rd 0.1649 (0.1746)] [cf 0.4896 (0.4495)] [gain 0.1597 (0.1593)] [img 0.8897 (0.9866)]
09/07 07:49:19 PM - ==> epoch 85/200 | elapsed 0:51:39 | remaining 1:09:53
09/07 07:49:24 PM - Train:  42.54% [9700/22800] [85.1/200.0] [batch_t 0.366 (0.366)] [data_t 0.000] [optim_t 0.366] [lr 0.005000] [total 0.3047 (0.3231)] [rd 0.1697 (0.1772)] [cf 0.5243 (0.5637)] [gain 0.1623 (0.1765)] [img 0.8580 (0.9512)]
09/07 07:49:42 PM - Train:  42.76% [9750/22800] [85.5/200.0] [batch_t 0.363 (0.363)] [data_t 0.000] [optim_t 0.363] [lr 0.005000] [total 0.3235 (0.3026)] [rd 0.1935 (0.1756)] [cf 0.4753 (0.4762)] [gain 0.1552 (0.1582)] [img 1.1278 (0.9561)]
09/07 07:50:02 PM - Train:  42.98% [9800/22800] [86.0/200.0] [batch_t 0.359 (0.363)] [data_t 0.000] [optim_t 0.359] [lr 0.005000] [total 0.2399 (0.2877)] [rd 0.1421 (0.1756)] [cf 0.3655 (0.4105)] [gain 0.1356 (0.1477)] [img 0.6967 (0.9100)]
09/07 07:50:04 PM - ==> epoch 86/200 | elapsed 0:52:21 | remaining 1:09:24
09/07 07:50:22 PM - Train:  43.20% [9850/22800] [86.4/200.0] [batch_t 0.362 (0.363)] [data_t 0.000] [optim_t 0.362] [lr 0.005000] [total 0.2719 (0.2918)] [rd 0.1726 (0.1754)] [cf 0.3191 (0.4203)] [gain 0.1368 (0.1432)] [img 1.0528 (0.8932)]
09/07 07:50:43 PM - Train:  43.42% [9900/22800] [86.8/200.0] [batch_t 0.364 (0.365)] [data_t 0.000] [optim_t 0.364] [lr 0.005000] [total 0.2659 (0.2787)] [rd 0.1791 (0.1777)] [cf 0.2737 (0.3455)] [gain 0.1257 (0.1417)] [img 0.9429 (0.8813)]
09/07 07:50:49 PM - ==> epoch 87/200 | elapsed 0:53:04 | remaining 1:08:56
09/07 07:51:02 PM - Train:  43.64% [9950/22800] [87.3/200.0] [batch_t 0.361 (0.364)] [data_t 0.000] [optim_t 0.361] [lr 0.005000] [total 0.2718 (0.2645)] [rd 0.1853 (0.1778)] [cf 0.2314 (0.2650)] [gain 0.1406 (0.1306)] [img 1.0836 (0.8729)]
09/07 07:51:22 PM - Train:  43.86% [10000/22800] [87.7/200.0] [batch_t 0.366 (0.364)] [data_t 0.000] [optim_t 0.365] [lr 0.005000] [total 0.2375 (0.2565)] [rd 0.1721 (0.1761)] [cf 0.1842 (0.2335)] [gain 0.0547 (0.1256)] [img 0.9079 (0.8888)]
09/07 07:51:33 PM - ==> epoch 88/200 | elapsed 0:53:46 | remaining 1:08:27
09/07 07:51:41 PM - Train:  44.08% [10050/22800] [88.2/200.0] [batch_t 0.360 (0.364)] [data_t 0.000] [optim_t 0.360] [lr 0.005000] [total 0.2340 (0.2501)] [rd 0.1757 (0.1784)] [cf 0.1416 (0.1755)] [gain 0.0739 (0.1343)] [img 0.8014 (0.8610)]
09/07 07:52:01 PM - Train:  44.30% [10100/22800] [88.6/200.0] [batch_t 0.356 (0.363)] [data_t 0.000] [optim_t 0.356] [lr 0.005000] [total 0.2216 (0.2438)] [rd 0.1623 (0.1777)] [cf 0.1336 (0.1576)] [gain 0.1262 (0.1241)] [img 0.7490 (0.8204)]
09/07 07:52:20 PM - ==> epoch 89/200 | elapsed 0:54:29 | remaining 1:07:57
09/07 07:52:22 PM - Train:  44.52% [10150/22800] [89.0/200.0] [batch_t 0.365 (0.367)] [data_t 0.000] [optim_t 0.365] [lr 0.005000] [total 0.2282 (0.2362)] [rd 0.1751 (0.1697)] [cf 0.0864 (0.1321)] [gain 0.0838 (0.0881)] [img 0.8740 (0.9909)]
09/07 07:52:40 PM - Train:  44.74% [10200/22800] [89.5/200.0] [batch_t 0.361 (0.362)] [data_t 0.000] [optim_t 0.361] [lr 0.005000] [total 0.2368 (0.2385)] [rd 0.1781 (0.1785)] [cf 0.1350 (0.1125)] [gain 0.0758 (0.1165)] [img 0.7680 (0.8432)]
09/07 07:53:01 PM - Train:  44.96% [10250/22800] [89.9/200.0] [batch_t 0.363 (0.363)] [data_t 0.000] [optim_t 0.363] [lr 0.005000] [total 0.2282 (0.2388)] [rd 0.1747 (0.1778)] [cf 0.0971 (0.1114)] [gain 0.0648 (0.1218)] [img 0.8657 (0.8698)]
09/07 07:53:04 PM - ==> epoch 90/200 | elapsed 0:55:11 | remaining 1:07:27
09/07 07:53:20 PM - Train:  45.18% [10300/22800] [90.4/200.0] [batch_t 0.358 (0.360)] [data_t 0.000] [optim_t 0.358] [lr 0.005000] [total 0.2318 (0.2396)] [rd 0.1866 (0.1802)] [cf 0.0592 (0.0902)] [gain 0.1181 (0.1204)] [img 0.6521 (0.8641)]
09/07 07:53:40 PM - Train:  45.39% [10350/22800] [90.8/200.0] [batch_t 0.350 (0.362)] [data_t 0.000] [optim_t 0.350] [lr 0.005000] [total 0.2512 (0.2365)] [rd 0.1881 (0.1788)] [cf 0.1177 (0.0907)] [gain 0.0887 (0.1100)] [img 0.8855 (0.8382)]
09/07 07:53:48 PM - ==> epoch 91/200 | elapsed 0:55:53 | remaining 1:06:56
09/07 07:53:59 PM - Train:  45.61% [10400/22800] [91.2/200.0] [batch_t 0.364 (0.362)] [data_t 0.000] [optim_t 0.363] [lr 0.005000] [total 0.2286 (0.2329)] [rd 0.1779 (0.1754)] [cf 0.0531 (0.0746)] [gain 0.0607 (0.1044)] [img 0.8821 (0.8549)]
09/07 07:54:19 PM - Train:  45.83% [10450/22800] [91.7/200.0] [batch_t 0.345 (0.361)] [data_t 0.000] [optim_t 0.345] [lr 0.005000] [total 0.3159 (0.2351)] [rd 0.2518 (0.1790)] [cf 0.0407 (0.0640)] [gain 0.0928 (0.1109)] [img 1.2115 (0.8610)]
09/07 07:54:32 PM - ==> epoch 92/200 | elapsed 0:56:35 | remaining 1:06:25
09/07 07:54:41 PM - Train:  46.05% [10500/22800] [92.1/200.0] [batch_t 0.379 (0.370)] [data_t 0.000] [optim_t 0.378] [lr 0.005000] [total 0.2130 (0.2569)] [rd 0.1617 (0.1945)] [cf 0.0361 (0.0684)] [gain 0.1209 (0.1284)] [img 0.7936 (0.8878)]
09/07 07:54:58 PM - Train:  46.27% [10550/22800] [92.5/200.0] [batch_t 0.348 (0.355)] [data_t 0.000] [optim_t 0.348] [lr 0.005000] [total 0.2603 (0.2453)] [rd 0.1904 (0.1848)] [cf 0.0825 (0.0610)] [gain 0.1555 (0.1163)] [img 0.9462 (0.8987)]
09/07 07:55:19 PM - Train:  46.49% [10600/22800] [93.0/200.0] [batch_t 0.373 (0.362)] [data_t 0.000] [optim_t 0.373] [lr 0.005000] [total 0.2158 (0.2340)] [rd 0.1723 (0.1787)] [cf 0.0332 (0.0538)] [gain 0.0877 (0.1125)] [img 0.6878 (0.8210)]
09/07 07:55:20 PM - ==> epoch 93/200 | elapsed 0:57:17 | remaining 1:05:54
09/07 07:55:37 PM - Train:  46.71% [10650/22800] [93.4/200.0] [batch_t 0.353 (0.348)] [data_t 0.000] [optim_t 0.353] [lr 0.005000] [total 0.2402 (0.2406)] [rd 0.1753 (0.1821)] [cf 0.0794 (0.0518)] [gain 0.1393 (0.1029)] [img 0.8098 (0.8539)]
09/07 07:55:58 PM - Train:  46.93% [10700/22800] [93.9/200.0] [batch_t 0.348 (0.365)] [data_t 0.000] [optim_t 0.348] [lr 0.005000] [total 0.2388 (0.2296)] [rd 0.1817 (0.1754)] [cf 0.0338 (0.0459)] [gain 0.1303 (0.1161)] [img 0.8546 (0.7653)]
09/07 07:56:04 PM - ==> epoch 94/200 | elapsed 0:57:58 | remaining 1:05:23
09/07 07:56:17 PM - Train:  47.15% [10750/22800] [94.3/200.0] [batch_t 0.364 (0.355)] [data_t 0.000] [optim_t 0.364] [lr 0.005000] [total 0.2499 (0.2397)] [rd 0.1856 (0.1814)] [cf 0.0352 (0.0465)] [gain 0.1140 (0.0969)] [img 0.9616 (0.8249)]
09/07 07:56:37 PM - Train:  47.37% [10800/22800] [94.7/200.0] [batch_t 0.354 (0.361)] [data_t 0.000] [optim_t 0.354] [lr 0.005000] [total 0.2230 (0.2373)] [rd 0.1758 (0.1772)] [cf 0.0264 (0.0456)] [gain 0.0909 (0.1136)] [img 0.6935 (0.8367)]
09/07 07:56:48 PM - ==> epoch 95/200 | elapsed 0:58:40 | remaining 1:04:51
09/07 07:56:59 PM - Train:  47.59% [10850/22800] [95.2/200.0] [batch_t 0.370 (0.367)] [data_t 0.000] [optim_t 0.370] [lr 0.005000] [total 0.2384 (0.2420)] [rd 0.1861 (0.1812)] [cf 0.0520 (0.0439)] [gain 0.0892 (0.1067)] [img 0.6525 (0.8150)]
09/07 07:57:16 PM - Train:  47.81% [10900/22800] [95.6/200.0] [batch_t 0.344 (0.355)] [data_t 0.000] [optim_t 0.344] [lr 0.005000] [total 0.2405 (0.2365)] [rd 0.1853 (0.1774)] [cf 0.0351 (0.0421)] [gain 0.1117 (0.1193)] [img 0.7375 (0.7712)]
09/07 07:57:35 PM - ==> epoch 96/200 | elapsed 0:59:22 | remaining 1:04:19
09/07 07:57:38 PM - Train:  48.03% [10950/22800] [96.1/200.0] [batch_t 0.378 (0.383)] [data_t 0.000] [optim_t 0.378] [lr 0.005000] [total 0.2156 (0.2253)] [rd 0.1620 (0.1691)] [cf 0.0484 (0.0370)] [gain 0.0235 (0.1084)] [img 0.7424 (0.7081)]
09/07 07:57:56 PM - Train:  48.25% [11000/22800] [96.5/200.0] [batch_t 0.352 (0.356)] [data_t 0.000] [optim_t 0.352] [lr 0.005000] [total 0.2561 (0.2400)] [rd 0.1966 (0.1782)] [cf 0.0385 (0.0411)] [gain 0.1356 (0.1027)] [img 0.7234 (0.8012)]
09/07 07:58:16 PM - Train:  48.46% [11050/22800] [96.9/200.0] [batch_t 0.345 (0.358)] [data_t 0.000] [optim_t 0.345] [lr 0.005000] [total 0.2077 (0.2335)] [rd 0.1600 (0.1754)] [cf 0.0335 (0.0368)] [gain 0.1447 (0.0930)] [img 0.5188 (0.7630)]
09/07 07:58:19 PM - ==> epoch 97/200 | elapsed 1:00:04 | remaining 1:03:47
09/07 07:58:35 PM - Train:  48.68% [11100/22800] [97.4/200.0] [batch_t 0.363 (0.353)] [data_t 0.000] [optim_t 0.363] [lr 0.005000] [total 0.2648 (0.2396)] [rd 0.1984 (0.1761)] [cf 0.0245 (0.0375)] [gain 0.0777 (0.1123)] [img 0.9215 (0.7842)]
09/07 07:58:56 PM - Train:  48.90% [11150/22800] [97.8/200.0] [batch_t 0.346 (0.363)] [data_t 0.000] [optim_t 0.346] [lr 0.005000] [total 0.2589 (0.2362)] [rd 0.1932 (0.1756)] [cf 0.0341 (0.0354)] [gain 0.1322 (0.1139)] [img 0.8053 (0.7399)]
09/07 07:59:03 PM - ==> epoch 98/200 | elapsed 1:00:45 | remaining 1:03:14
09/07 07:59:17 PM - Train:  49.12% [11200/22800] [98.2/200.0] [batch_t 0.378 (0.366)] [data_t 0.000] [optim_t 0.377] [lr 0.005000] [total 0.2863 (0.2471)] [rd 0.2042 (0.1807)] [cf 0.0511 (0.0342)] [gain 0.1430 (0.1033)] [img 0.9541 (0.8101)]
09/07 07:59:35 PM - Train:  49.34% [11250/22800] [98.7/200.0] [batch_t 0.346 (0.356)] [data_t 0.000] [optim_t 0.346] [lr 0.005000] [total 0.2176 (0.2439)] [rd 0.1675 (0.1786)] [cf 0.0212 (0.0362)] [gain 0.0623 (0.0993)] [img 0.6458 (0.7910)]
09/07 07:59:47 PM - ==> epoch 99/200 | elapsed 1:01:27 | remaining 1:02:42
09/07 07:59:56 PM - Train:  49.56% [11300/22800] [99.1/200.0] [batch_t 0.367 (0.375)] [data_t 0.000] [optim_t 0.367] [lr 0.005000] [total 0.2450 (0.2465)] [rd 0.1792 (0.1775)] [cf 0.0283 (0.0363)] [gain 0.1130 (0.1099)] [img 0.7663 (0.7933)]
09/07 08:00:14 PM - Train:  49.78% [11350/22800] [99.6/200.0] [batch_t 0.364 (0.349)] [data_t 0.000] [optim_t 0.364] [lr 0.005000] [total 0.2487 (0.2460)] [rd 0.1797 (0.1782)] [cf 0.0517 (0.0323)] [gain 0.0750 (0.1178)] [img 0.7906 (0.7774)]
09/07 08:00:34 PM - Train:  50.00% [11400/22800] [100.0/200.0] [batch_t 0.174 (0.361)] [data_t 0.000] [optim_t 0.174] [lr 0.005000] [total 0.2530 (0.2458)] [rd 0.1883 (0.1793)] [cf 0.0298 (0.0330)] [gain 0.0485 (0.1028)] [img 0.8234 (0.7751)]
09/07 08:00:34 PM - ==> epoch 100/200 | elapsed 1:02:10 | remaining 1:02:10
09/07 08:00:53 PM - Train:  50.22% [11450/22800] [100.4/200.0] [batch_t 0.368 (0.353)] [data_t 0.000] [optim_t 0.367] [lr 0.001000] [total 0.2199 (0.2430)] [rd 0.1615 (0.1718)] [cf 0.0231 (0.0367)] [gain 0.1105 (0.1093)] [img 0.6415 (0.7865)]
09/07 08:01:14 PM - Train:  50.44% [11500/22800] [100.9/200.0] [batch_t 0.345 (0.360)] [data_t 0.000] [optim_t 0.345] [lr 0.001000] [total 0.2446 (0.2330)] [rd 0.1807 (0.1681)] [cf 0.0170 (0.0316)] [gain 0.0982 (0.1078)] [img 0.7533 (0.7145)]
09/07 08:01:18 PM - ==> epoch 101/200 | elapsed 1:02:51 | remaining 1:01:36
09/07 08:01:35 PM - Train:  50.66% [11550/22800] [101.3/200.0] [batch_t 0.387 (0.365)] [data_t 0.000] [optim_t 0.387] [lr 0.001000] [total 0.2414 (0.2273)] [rd 0.1677 (0.1623)] [cf 0.0555 (0.0338)] [gain 0.0927 (0.0908)] [img 0.7533 (0.6945)]
09/07 08:01:53 PM - Train:  50.88% [11600/22800] [101.8/200.0] [batch_t 0.346 (0.354)] [data_t 0.000] [optim_t 0.346] [lr 0.001000] [total 0.2347 (0.2343)] [rd 0.1666 (0.1665)] [cf 0.0254 (0.0294)] [gain 0.1101 (0.0999)] [img 0.7396 (0.7355)]
09/07 08:02:03 PM - ==> epoch 102/200 | elapsed 1:03:33 | remaining 1:01:03
09/07 08:02:13 PM - Train:  51.10% [11650/22800] [102.2/200.0] [batch_t 0.382 (0.385)] [data_t 0.000] [optim_t 0.382] [lr 0.001000] [total 0.2320 (0.2412)] [rd 0.1605 (0.1681)] [cf 0.0314 (0.0370)] [gain 0.1155 (0.1014)] [img 0.7296 (0.7517)]
09/07 08:02:35 PM - Train:  51.32% [11700/22800] [102.6/200.0] [batch_t 0.354 (0.396)] [data_t 0.000] [optim_t 0.354] [lr 0.001000] [total 0.2156 (0.2347)] [rd 0.1562 (0.1648)] [cf 0.0212 (0.0332)] [gain 0.0743 (0.1104)] [img 0.6425 (0.7106)]
09/07 08:02:49 PM - ==> epoch 103/200 | elapsed 1:04:17 | remaining 1:00:32
09/07 08:02:53 PM - Train:  51.54% [11750/22800] [103.1/200.0] [batch_t 0.353 (0.355)] [data_t 0.000] [optim_t 0.353] [lr 0.001000] [total 0.2192 (0.2333)] [rd 0.1509 (0.1621)] [cf 0.0266 (0.0278)] [gain 0.1241 (0.1270)] [img 0.6640 (0.6927)]
09/07 08:03:13 PM - Train:  51.75% [11800/22800] [103.5/200.0] [batch_t 0.351 (0.366)] [data_t 0.000] [optim_t 0.351] [lr 0.001000] [total 0.2054 (0.2361)] [rd 0.1552 (0.1650)] [cf 0.0384 (0.0321)] [gain 0.0312 (0.1011)] [img 0.4999 (0.7082)]
09/07 08:03:31 PM - Train:  51.97% [11850/22800] [103.9/200.0] [batch_t 0.385 (0.364)] [data_t 0.000] [optim_t 0.385] [lr 0.001000] [total 0.2427 (0.2383)] [rd 0.1633 (0.1662)] [cf 0.0722 (0.0318)] [gain 0.1334 (0.1094)] [img 0.6794 (0.7117)]
09/07 08:03:34 PM - ==> epoch 104/200 | elapsed 1:05:00 | remaining 1:00:00
09/07 08:03:54 PM - Train:  52.19% [11900/22800] [104.4/200.0] [batch_t 0.386 (0.392)] [data_t 0.000] [optim_t 0.386] [lr 0.001000] [total 0.2236 (0.2350)] [rd 0.1517 (0.1617)] [cf 0.0300 (0.0323)] [gain 0.1039 (0.1092)] [img 0.6906 (0.6969)]
09/07 08:04:11 PM - Train:  52.41% [11950/22800] [104.8/200.0] [batch_t 0.381 (0.356)] [data_t 0.000] [optim_t 0.381] [lr 0.001000] [total 0.2251 (0.2415)] [rd 0.1512 (0.1664)] [cf 0.0317 (0.0324)] [gain 0.1055 (0.0999)] [img 0.7089 (0.7276)]
09/07 08:04:19 PM - ==> epoch 105/200 | elapsed 1:05:43 | remaining 0:59:28
09/07 08:04:33 PM - Train:  52.63% [12000/22800] [105.3/200.0] [batch_t 0.353 (0.374)] [data_t 0.000] [optim_t 0.353] [lr 0.001000] [total 0.2122 (0.2422)] [rd 0.1585 (0.1666)] [cf 0.0212 (0.0279)] [gain 0.0819 (0.1059)] [img 0.4953 (0.7100)]
09/07 08:04:51 PM - Train:  52.85% [12050/22800] [105.7/200.0] [batch_t 0.388 (0.357)] [data_t 0.000] [optim_t 0.388] [lr 0.001000] [total 0.2248 (0.2404)] [rd 0.1549 (0.1628)] [cf 0.0176 (0.0304)] [gain 0.1135 (0.0999)] [img 0.6606 (0.7331)]
09/07 08:05:05 PM - ==> epoch 106/200 | elapsed 1:06:26 | remaining 0:58:55
09/07 08:05:12 PM - Train:  53.07% [12100/22800] [106.1/200.0] [batch_t 0.352 (0.358)] [data_t 0.000] [optim_t 0.352] [lr 0.001000] [total 0.2600 (0.2480)] [rd 0.1696 (0.1666)] [cf 0.0265 (0.0381)] [gain 0.1097 (0.1112)] [img 0.8478 (0.7205)]
09/07 08:05:31 PM - Train:  53.29% [12150/22800] [106.6/200.0] [batch_t 0.392 (0.369)] [data_t 0.000] [optim_t 0.392] [lr 0.001000] [total 0.2246 (0.2421)] [rd 0.1579 (0.1638)] [cf 0.0269 (0.0352)] [gain 0.0603 (0.1166)] [img 0.6282 (0.6886)]
09/07 08:05:50 PM - ==> epoch 107/200 | elapsed 1:07:10 | remaining 0:58:23
09/07 08:05:53 PM - Train:  53.51% [12200/22800] [107.0/200.0] [batch_t 0.353 (0.358)] [data_t 0.000] [optim_t 0.353] [lr 0.001000] [total 0.2387 (0.2390)] [rd 0.1447 (0.1507)] [cf 0.0505 (0.0479)] [gain 0.0976 (0.1128)] [img 0.8150 (0.7470)]
09/07 08:06:11 PM - Train:  53.73% [12250/22800] [107.5/200.0] [batch_t 0.383 (0.358)] [data_t 0.000] [optim_t 0.383] [lr 0.001000] [total 0.3617 (0.2463)] [rd 0.1974 (0.1665)] [cf 0.0356 (0.0306)] [gain 0.1366 (0.1069)] [img 1.5672 (0.6981)]
09/07 08:06:31 PM - Train:  53.95% [12300/22800] [107.9/200.0] [batch_t 0.357 (0.375)] [data_t 0.000] [optim_t 0.357] [lr 0.001000] [total 0.2416 (0.2424)] [rd 0.1644 (0.1622)] [cf 0.0241 (0.0303)] [gain 0.1007 (0.1032)] [img 0.6894 (0.7055)]
09/07 08:06:35 PM - ==> epoch 108/200 | elapsed 1:07:53 | remaining 0:57:50
09/07 08:06:52 PM - Train:  54.17% [12350/22800] [108.3/200.0] [batch_t 0.387 (0.369)] [data_t 0.000] [optim_t 0.387] [lr 0.001000] [total 0.2424 (0.2552)] [rd 0.1569 (0.1644)] [cf 0.0462 (0.0534)] [gain 0.0882 (0.1102)] [img 0.7157 (0.7369)]
09/07 08:07:10 PM - Train:  54.39% [12400/22800] [108.8/200.0] [batch_t 0.352 (0.366)] [data_t 0.000] [optim_t 0.352] [lr 0.001000] [total 0.3367 (0.2556)] [rd 0.2093 (0.1669)] [cf 0.0799 (0.0446)] [gain 0.1505 (0.1084)] [img 1.0276 (0.7353)]
09/07 08:07:19 PM - ==> epoch 109/200 | elapsed 1:08:36 | remaining 0:57:16
09/07 08:07:32 PM - Train:  54.61% [12450/22800] [109.2/200.0] [batch_t 0.386 (0.394)] [data_t 0.000] [optim_t 0.386] [lr 0.001000] [total 0.2590 (0.2563)] [rd 0.1716 (0.1641)] [cf 0.0371 (0.0477)] [gain 0.1110 (0.1219)] [img 0.7113 (0.7295)]
09/07 08:07:49 PM - Train:  54.82% [12500/22800] [109.6/200.0] [batch_t 0.356 (0.356)] [data_t 0.000] [optim_t 0.356] [lr 0.001000] [total 0.2715 (0.2529)] [rd 0.1589 (0.1633)] [cf 0.0288 (0.0382)] [gain 0.1473 (0.1086)] [img 0.9499 (0.7321)]
09/07 08:08:04 PM - ==> epoch 110/200 | elapsed 1:09:19 | remaining 0:56:43
09/07 08:08:10 PM - Train:  55.04% [12550/22800] [110.1/200.0] [batch_t 0.387 (0.387)] [data_t 0.000] [optim_t 0.387] [lr 0.001000] [total 0.2643 (0.2651)] [rd 0.1698 (0.1721)] [cf 0.0401 (0.0401)] [gain 0.1066 (0.1039)] [img 0.7789 (0.7671)]
09/07 08:08:30 PM - Train:  55.26% [12600/22800] [110.5/200.0] [batch_t 0.353 (0.373)] [data_t 0.000] [optim_t 0.353] [lr 0.001000] [total 0.2754 (0.2501)] [rd 0.1764 (0.1622)] [cf 0.0282 (0.0387)] [gain 0.1418 (0.1147)] [img 0.8197 (0.7093)]
09/07 08:08:50 PM - Train:  55.48% [12650/22800] [111.0/200.0] [batch_t 0.383 (0.367)] [data_t 0.000] [optim_t 0.383] [lr 0.001000] [total 0.2458 (0.2497)] [rd 0.1565 (0.1646)] [cf 0.0351 (0.0344)] [gain 0.0533 (0.0993)] [img 0.7802 (0.7022)]
09/07 08:08:51 PM - ==> epoch 111/200 | elapsed 1:10:03 | remaining 0:56:10
09/07 08:09:09 PM - Train:  55.70% [12700/22800] [111.4/200.0] [batch_t 0.351 (0.361)] [data_t 0.000] [optim_t 0.351] [lr 0.001000] [total 0.2724 (0.2514)] [rd 0.1813 (0.1635)] [cf 0.0399 (0.0378)] [gain 0.0731 (0.1049)] [img 0.7732 (0.7194)]
09/07 08:09:29 PM - Train:  55.92% [12750/22800] [111.8/200.0] [batch_t 0.382 (0.375)] [data_t 0.000] [optim_t 0.382] [lr 0.001000] [total 0.2711 (0.2479)] [rd 0.1848 (0.1639)] [cf 0.0353 (0.0322)] [gain 0.0776 (0.1034)] [img 0.7303 (0.6934)]
09/07 08:09:36 PM - ==> epoch 112/200 | elapsed 1:10:45 | remaining 0:55:36
09/07 08:09:48 PM - Train:  56.14% [12800/22800] [112.3/200.0] [batch_t 0.359 (0.354)] [data_t 0.000] [optim_t 0.359] [lr 0.001000] [total 0.2339 (0.2496)] [rd 0.1552 (0.1649)] [cf 0.0425 (0.0339)] [gain 0.1116 (0.1119)] [img 0.6125 (0.6894)]
09/07 08:10:08 PM - Train:  56.36% [12850/22800] [112.7/200.0] [batch_t 0.355 (0.375)] [data_t 0.000] [optim_t 0.355] [lr 0.001000] [total 0.2290 (0.2506)] [rd 0.1530 (0.1631)] [cf 0.0183 (0.0359)] [gain 0.1036 (0.1127)] [img 0.6402 (0.7127)]
09/07 08:10:20 PM - ==> epoch 113/200 | elapsed 1:11:28 | remaining 0:55:01
09/07 08:10:27 PM - Train:  56.58% [12900/22800] [113.2/200.0] [batch_t 0.386 (0.377)] [data_t 0.000] [optim_t 0.386] [lr 0.001000] [total 0.2525 (0.2439)] [rd 0.1650 (0.1603)] [cf 0.0499 (0.0359)] [gain 0.1038 (0.1064)] [img 0.6912 (0.6799)]
09/07 08:10:48 PM - Train:  56.80% [12950/22800] [113.6/200.0] [batch_t 0.380 (0.387)] [data_t 0.000] [optim_t 0.380] [lr 0.001000] [total 0.2671 (0.2541)] [rd 0.1686 (0.1674)] [cf 0.0341 (0.0306)] [gain 0.1058 (0.1077)] [img 0.8314 (0.7199)]
09/07 08:11:05 PM - ==> epoch 114/200 | elapsed 1:12:11 | remaining 0:54:27
09/07 08:11:07 PM - Train:  57.02% [13000/22800] [114.0/200.0] [batch_t 0.355 (0.355)] [data_t 0.000] [optim_t 0.355] [lr 0.001000] [total 0.2672 (0.2541)] [rd 0.1746 (0.1681)] [cf 0.0612 (0.0326)] [gain 0.1224 (0.1113)] [img 0.7061 (0.7056)]
09/07 08:11:28 PM - Train:  57.24% [13050/22800] [114.5/200.0] [batch_t 0.357 (0.379)] [data_t 0.000] [optim_t 0.357] [lr 0.001000] [total 0.2734 (0.2499)] [rd 0.1694 (0.1646)] [cf 0.0365 (0.0333)] [gain 0.1360 (0.1047)] [img 0.8590 (0.7030)]
09/07 08:11:46 PM - Train:  57.46% [13100/22800] [114.9/200.0] [batch_t 0.374 (0.356)] [data_t 0.000] [optim_t 0.374] [lr 0.001000] [total 0.2575 (0.2448)] [rd 0.1780 (0.1625)] [cf 0.0231 (0.0340)] [gain 0.1412 (0.1141)] [img 0.6360 (0.6637)]
09/07 08:11:49 PM - ==> epoch 115/200 | elapsed 1:12:54 | remaining 0:53:53
09/07 08:12:07 PM - Train:  57.68% [13150/22800] [115.4/200.0] [batch_t 0.354 (0.373)] [data_t 0.000] [optim_t 0.354] [lr 0.001000] [total 0.2451 (0.2471)] [rd 0.1676 (0.1626)] [cf 0.0328 (0.0361)] [gain 0.1425 (0.1154)] [img 0.5953 (0.6805)]
09/07 08:12:25 PM - Train:  57.89% [13200/22800] [115.8/200.0] [batch_t 0.385 (0.365)] [data_t 0.000] [optim_t 0.384] [lr 0.001000] [total 0.2862 (0.2458)] [rd 0.1846 (0.1636)] [cf 0.0439 (0.0328)] [gain 0.1173 (0.1171)] [img 0.8341 (0.6634)]
09/07 08:12:36 PM - ==> epoch 116/200 | elapsed 1:13:38 | remaining 0:53:19
09/07 08:12:46 PM - Train:  58.11% [13250/22800] [116.2/200.0] [batch_t 0.359 (0.353)] [data_t 0.000] [optim_t 0.359] [lr 0.001000] [total 0.2461 (0.2497)] [rd 0.1719 (0.1652)] [cf 0.0270 (0.0387)] [gain 0.0897 (0.1197)] [img 0.6164 (0.6714)]
09/07 08:13:06 PM - Train:  58.33% [13300/22800] [116.7/200.0] [batch_t 0.389 (0.373)] [data_t 0.000] [optim_t 0.389] [lr 0.001000] [total 0.2519 (0.2450)] [rd 0.1686 (0.1629)] [cf 0.0303 (0.0363)] [gain 0.1252 (0.1012)] [img 0.6727 (0.6683)]
09/07 08:13:20 PM - ==> epoch 117/200 | elapsed 1:14:20 | remaining 0:52:44
09/07 08:13:25 PM - Train:  58.55% [13350/22800] [117.1/200.0] [batch_t 0.355 (0.354)] [data_t 0.000] [optim_t 0.354] [lr 0.001000] [total 0.2237 (0.2486)] [rd 0.1553 (0.1659)] [cf 0.0233 (0.0343)] [gain 0.1383 (0.1031)] [img 0.5265 (0.6759)]
09/07 08:13:45 PM - Train:  58.77% [13400/22800] [117.5/200.0] [batch_t 0.351 (0.375)] [data_t 0.000] [optim_t 0.350] [lr 0.001000] [total 0.2627 (0.2476)] [rd 0.1778 (0.1636)] [cf 0.0170 (0.0325)] [gain 0.1345 (0.1058)] [img 0.7070 (0.6904)]
09/07 08:14:03 PM - Train:  58.99% [13450/22800] [118.0/200.0] [batch_t 0.382 (0.356)] [data_t 0.000] [optim_t 0.382] [lr 0.001000] [total 0.2563 (0.2468)] [rd 0.1829 (0.1624)] [cf 0.0232 (0.0345)] [gain 0.1344 (0.1079)] [img 0.5808 (0.6894)]
09/07 08:14:04 PM - ==> epoch 118/200 | elapsed 1:15:03 | remaining 0:52:09
09/07 08:14:24 PM - Train:  59.21% [13500/22800] [118.4/200.0] [batch_t 0.350 (0.369)] [data_t 0.000] [optim_t 0.350] [lr 0.001000] [total 0.2359 (0.2511)] [rd 0.1537 (0.1650)] [cf 0.0278 (0.0402)] [gain 0.1484 (0.1096)] [img 0.6481 (0.6929)]
09/07 08:14:44 PM - Train:  59.43% [13550/22800] [118.9/200.0] [batch_t 0.388 (0.368)] [data_t 0.000] [optim_t 0.388] [lr 0.001000] [total 0.2499 (0.2457)] [rd 0.1575 (0.1610)] [cf 0.0292 (0.0370)] [gain 0.1392 (0.1069)] [img 0.7543 (0.6882)]
09/07 08:14:50 PM - ==> epoch 119/200 | elapsed 1:15:46 | remaining 0:51:34
09/07 08:15:03 PM - Train:  59.65% [13600/22800] [119.3/200.0] [batch_t 0.352 (0.352)] [data_t 0.000] [optim_t 0.352] [lr 0.001000] [total 0.2289 (0.2481)] [rd 0.1499 (0.1633)] [cf 0.0350 (0.0434)] [gain 0.0794 (0.1006)] [img 0.6567 (0.6811)]
09/07 08:15:22 PM - Train:  59.87% [13650/22800] [119.7/200.0] [batch_t 0.381 (0.377)] [data_t 0.000] [optim_t 0.381] [lr 0.001000] [total 0.2852 (0.2470)] [rd 0.1776 (0.1642)] [cf 0.0312 (0.0326)] [gain 0.1349 (0.1062)] [img 0.9050 (0.6782)]
09/07 08:15:35 PM - ==> epoch 120/200 | elapsed 1:16:29 | remaining 0:50:59
09/07 08:15:44 PM - Train:  60.09% [13700/22800] [120.2/200.0] [batch_t 0.351 (0.360)] [data_t 0.000] [optim_t 0.351] [lr 0.000200] [total 0.2752 (0.2466)] [rd 0.1807 (0.1602)] [cf 0.0233 (0.0375)] [gain 0.1241 (0.1066)] [img 0.7985 (0.7040)]
09/07 08:16:02 PM - Train:  60.31% [13750/22800] [120.6/200.0] [batch_t 0.383 (0.364)] [data_t 0.000] [optim_t 0.382] [lr 0.000200] [total 0.2590 (0.2485)] [rd 0.1617 (0.1623)] [cf 0.0298 (0.0387)] [gain 0.0868 (0.1122)] [img 0.8437 (0.6946)]
09/07 08:16:19 PM - ==> epoch 121/200 | elapsed 1:17:12 | remaining 0:50:24
09/07 08:16:23 PM - Train:  60.53% [13800/22800] [121.1/200.0] [batch_t 0.349 (0.353)] [data_t 0.000] [optim_t 0.349] [lr 0.000200] [total 0.2592 (0.2517)] [rd 0.1595 (0.1643)] [cf 0.0430 (0.0296)] [gain 0.1387 (0.1163)] [img 0.7998 (0.7218)]
09/07 08:16:43 PM - Train:  60.75% [13850/22800] [121.5/200.0] [batch_t 0.382 (0.371)] [data_t 0.000] [optim_t 0.382] [lr 0.000200] [total 0.2488 (0.2402)] [rd 0.1648 (0.1589)] [cf 0.0349 (0.0348)] [gain 0.1160 (0.1000)] [img 0.6773 (0.6627)]
09/07 08:17:01 PM - Train:  60.96% [13900/22800] [121.9/200.0] [batch_t 0.349 (0.356)] [data_t 0.000] [optim_t 0.348] [lr 0.000200] [total 0.2543 (0.2438)] [rd 0.1700 (0.1626)] [cf 0.0420 (0.0352)] [gain 0.1124 (0.1111)] [img 0.6695 (0.6531)]
09/07 08:17:03 PM - ==> epoch 122/200 | elapsed 1:17:54 | remaining 0:49:48
09/07 08:17:22 PM - Train:  61.18% [13950/22800] [122.4/200.0] [batch_t 0.352 (0.379)] [data_t 0.000] [optim_t 0.352] [lr 0.000200] [total 0.2576 (0.2436)] [rd 0.1709 (0.1622)] [cf 0.0221 (0.0322)] [gain 0.0790 (0.1055)] [img 0.7590 (0.6652)]
09/07 08:17:40 PM - Train:  61.40% [14000/22800] [122.8/200.0] [batch_t 0.352 (0.351)] [data_t 0.000] [optim_t 0.352] [lr 0.000200] [total 0.2332 (0.2422)] [rd 0.1502 (0.1614)] [cf 0.0400 (0.0355)] [gain 0.0541 (0.1030)] [img 0.7074 (0.6554)]
09/07 08:17:50 PM - ==> epoch 123/200 | elapsed 1:18:37 | remaining 0:49:13
09/07 08:18:01 PM - Train:  61.62% [14050/22800] [123.2/200.0] [batch_t 0.351 (0.362)] [data_t 0.000] [optim_t 0.351] [lr 0.000200] [total 0.2364 (0.2410)] [rd 0.1537 (0.1584)] [cf 0.0339 (0.0363)] [gain 0.0808 (0.1049)] [img 0.6949 (0.6697)]
09/07 08:18:19 PM - Train:  61.84% [14100/22800] [123.7/200.0] [batch_t 0.391 (0.363)] [data_t 0.000] [optim_t 0.391] [lr 0.000200] [total 0.2687 (0.2438)] [rd 0.1794 (0.1614)] [cf 0.0436 (0.0328)] [gain 0.1363 (0.1045)] [img 0.6968 (0.6744)]
09/07 08:18:34 PM - ==> epoch 124/200 | elapsed 1:19:20 | remaining 0:48:37
09/07 08:18:40 PM - Train:  62.06% [14150/22800] [124.1/200.0] [batch_t 0.354 (0.353)] [data_t 0.000] [optim_t 0.354] [lr 0.000200] [total 0.2401 (0.2446)] [rd 0.1618 (0.1625)] [cf 0.0246 (0.0341)] [gain 0.1237 (0.1129)] [img 0.6341 (0.6625)]
09/07 08:19:00 PM - Train:  62.28% [14200/22800] [124.6/200.0] [batch_t 0.381 (0.373)] [data_t 0.000] [optim_t 0.381] [lr 0.000200] [total 0.2568 (0.2435)] [rd 0.1625 (0.1613)] [cf 0.0257 (0.0359)] [gain 0.1464 (0.1064)] [img 0.7745 (0.6649)]
09/07 08:19:18 PM - Train:  62.50% [14250/22800] [125.0/200.0] [batch_t 0.174 (0.349)] [data_t 0.000] [optim_t 0.174] [lr 0.000200] [total 0.2788 (0.2419)] [rd 0.1678 (0.1596)] [cf 0.0181 (0.0355)] [gain 0.1683 (0.0986)] [img 0.9396 (0.6730)]
09/07 08:19:18 PM - ==> epoch 125/200 | elapsed 1:20:02 | remaining 0:48:01
09/07 08:19:40 PM - Train:  62.72% [14300/22800] [125.4/200.0] [batch_t 0.392 (0.382)] [data_t 0.000] [optim_t 0.392] [lr 0.000200] [total 0.2397 (0.2469)] [rd 0.1531 (0.1626)] [cf 0.0180 (0.0346)] [gain 0.0795 (0.0966)] [img 0.7668 (0.6962)]
09/07 08:19:59 PM - Train:  62.94% [14350/22800] [125.9/200.0] [batch_t 0.383 (0.385)] [data_t 0.000] [optim_t 0.383] [lr 0.000200] [total 0.2265 (0.2380)] [rd 0.1483 (0.1589)] [cf 0.0202 (0.0304)] [gain 0.1144 (0.1049)] [img 0.6501 (0.6469)]
09/07 08:20:04 PM - ==> epoch 126/200 | elapsed 1:20:46 | remaining 0:47:26
09/07 08:20:18 PM - Train:  63.16% [14400/22800] [126.3/200.0] [batch_t 0.352 (0.356)] [data_t 0.000] [optim_t 0.352] [lr 0.000200] [total 0.2104 (0.2390)] [rd 0.1449 (0.1608)] [cf 0.0338 (0.0335)] [gain 0.0853 (0.1152)] [img 0.5198 (0.6221)]
09/07 08:20:38 PM - Train:  63.38% [14450/22800] [126.8/200.0] [batch_t 0.378 (0.362)] [data_t 0.000] [optim_t 0.378] [lr 0.000200] [total 0.2386 (0.2403)] [rd 0.1427 (0.1581)] [cf 0.0332 (0.0325)] [gain 0.1709 (0.1063)] [img 0.7562 (0.6719)]
09/07 08:20:48 PM - ==> epoch 127/200 | elapsed 1:21:29 | remaining 0:46:50
09/07 08:20:57 PM - Train:  63.60% [14500/22800] [127.2/200.0] [batch_t 0.371 (0.368)] [data_t 0.000] [optim_t 0.371] [lr 0.000200] [total 0.2630 (0.2376)] [rd 0.1734 (0.1572)] [cf 0.0380 (0.0302)] [gain 0.0787 (0.1117)] [img 0.7574 (0.6546)]
09/07 08:21:17 PM - Train:  63.82% [14550/22800] [127.6/200.0] [batch_t 0.362 (0.362)] [data_t 0.000] [optim_t 0.362] [lr 0.000200] [total 0.2597 (0.2465)] [rd 0.1733 (0.1622)] [cf 0.0240 (0.0321)] [gain 0.0396 (0.1042)] [img 0.7843 (0.6951)]
09/07 08:21:32 PM - ==> epoch 128/200 | elapsed 1:22:11 | remaining 0:46:13
09/07 08:21:36 PM - Train:  64.04% [14600/22800] [128.1/200.0] [batch_t 0.373 (0.363)] [data_t 0.000] [optim_t 0.373] [lr 0.000200] [total 0.2258 (0.2407)] [rd 0.1437 (0.1591)] [cf 0.0205 (0.0317)] [gain 0.1517 (0.1009)] [img 0.6582 (0.6717)]
09/07 08:21:56 PM - Train:  64.25% [14650/22800] [128.5/200.0] [batch_t 0.371 (0.371)] [data_t 0.000] [optim_t 0.371] [lr 0.000200] [total 0.2523 (0.2411)] [rd 0.1675 (0.1594)] [cf 0.0395 (0.0319)] [gain 0.1279 (0.1098)] [img 0.6667 (0.6657)]
09/07 08:22:15 PM - Train:  64.47% [14700/22800] [128.9/200.0] [batch_t 0.365 (0.364)] [data_t 0.000] [optim_t 0.365] [lr 0.000200] [total 0.2111 (0.2421)] [rd 0.1435 (0.1622)] [cf 0.0193 (0.0316)] [gain 0.0418 (0.0981)] [img 0.6040 (0.6570)]
09/07 08:22:18 PM - ==> epoch 129/200 | elapsed 1:22:54 | remaining 0:45:37
09/07 08:22:35 PM - Train:  64.69% [14750/22800] [129.4/200.0] [batch_t 0.365 (0.363)] [data_t 0.000] [optim_t 0.365] [lr 0.000200] [total 0.2218 (0.2395)] [rd 0.1499 (0.1575)] [cf 0.0189 (0.0368)] [gain 0.1082 (0.0999)] [img 0.5941 (0.6668)]
09/07 08:22:55 PM - Train:  64.91% [14800/22800] [129.8/200.0] [batch_t 0.372 (0.370)] [data_t 0.000] [optim_t 0.371] [lr 0.000200] [total 0.2242 (0.2416)] [rd 0.1588 (0.1615)] [cf 0.0189 (0.0321)] [gain 0.0759 (0.0970)] [img 0.5564 (0.6593)]
09/07 08:23:02 PM - ==> epoch 130/200 | elapsed 1:23:36 | remaining 0:45:01
09/07 08:23:14 PM - Train:  65.13% [14850/22800] [130.3/200.0] [batch_t 0.362 (0.363)] [data_t 0.000] [optim_t 0.362] [lr 0.000200] [total 0.2764 (0.2435)] [rd 0.1781 (0.1607)] [cf 0.0318 (0.0363)] [gain 0.1336 (0.1146)] [img 0.8131 (0.6636)]
09/07 08:23:34 PM - Train:  65.35% [14900/22800] [130.7/200.0] [batch_t 0.353 (0.364)] [data_t 0.000] [optim_t 0.353] [lr 0.000200] [total 0.2028 (0.2380)] [rd 0.1475 (0.1591)] [cf 0.0249 (0.0327)] [gain 0.0826 (0.1024)] [img 0.4372 (0.6418)]
09/07 08:23:46 PM - ==> epoch 131/200 | elapsed 1:24:18 | remaining 0:44:24
09/07 08:23:53 PM - Train:  65.57% [14950/22800] [131.1/200.0] [batch_t 0.374 (0.370)] [data_t 0.000] [optim_t 0.374] [lr 0.000200] [total 0.2357 (0.2403)] [rd 0.1742 (0.1591)] [cf 0.0201 (0.0375)] [gain 0.0836 (0.1062)] [img 0.5085 (0.6525)]
09/07 08:24:13 PM - Train:  65.79% [15000/22800] [131.6/200.0] [batch_t 0.352 (0.362)] [data_t 0.000] [optim_t 0.352] [lr 0.000200] [total 0.2791 (0.2422)] [rd 0.1718 (0.1597)] [cf 0.0317 (0.0325)] [gain 0.1293 (0.1076)] [img 0.9062 (0.6733)]
09/07 08:24:30 PM - ==> epoch 132/200 | elapsed 1:25:01 | remaining 0:43:47
09/07 08:24:35 PM - Train:  66.01% [15050/22800] [132.0/200.0] [batch_t 0.395 (0.391)] [data_t 0.000] [optim_t 0.395] [lr 0.000200] [total 0.2138 (0.2233)] [rd 0.1440 (0.1534)] [cf 0.0353 (0.0258)] [gain 0.1037 (0.0901)] [img 0.5448 (0.5758)]
09/07 08:24:53 PM - Train:  66.23% [15100/22800] [132.5/200.0] [batch_t 0.384 (0.364)] [data_t 0.000] [optim_t 0.384] [lr 0.000200] [total 0.2406 (0.2376)] [rd 0.1530 (0.1588)] [cf 0.0182 (0.0317)] [gain 0.1130 (0.1014)] [img 0.7486 (0.6439)]
09/07 08:25:13 PM - Train:  66.45% [15150/22800] [132.9/200.0] [batch_t 0.353 (0.364)] [data_t 0.000] [optim_t 0.353] [lr 0.000200] [total 0.2278 (0.2431)] [rd 0.1489 (0.1624)] [cf 0.0441 (0.0348)] [gain 0.0728 (0.0997)] [img 0.6420 (0.6583)]
09/07 08:25:17 PM - ==> epoch 133/200 | elapsed 1:25:43 | remaining 0:43:11
09/07 08:25:32 PM - Train:  66.67% [15200/22800] [133.3/200.0] [batch_t 0.349 (0.361)] [data_t 0.000] [optim_t 0.349] [lr 0.000200] [total 0.2145 (0.2401)] [rd 0.1549 (0.1594)] [cf 0.0312 (0.0327)] [gain 0.0339 (0.1155)] [img 0.5068 (0.6497)]
09/07 08:25:52 PM - Train:  66.89% [15250/22800] [133.8/200.0] [batch_t 0.385 (0.365)] [data_t 0.000] [optim_t 0.385] [lr 0.000200] [total 0.2392 (0.2388)] [rd 0.1614 (0.1588)] [cf 0.0340 (0.0316)] [gain 0.0496 (0.0982)] [img 0.6697 (0.6587)]
09/07 08:26:01 PM - ==> epoch 134/200 | elapsed 1:26:26 | remaining 0:42:34
09/07 08:26:11 PM - Train:  67.11% [15300/22800] [134.2/200.0] [batch_t 0.353 (0.364)] [data_t 0.000] [optim_t 0.353] [lr 0.000200] [total 0.2126 (0.2425)] [rd 0.1431 (0.1584)] [cf 0.0274 (0.0348)] [gain 0.0774 (0.1164)] [img 0.5782 (0.6778)]
09/07 08:26:29 PM - Train:  67.32% [15350/22800] [134.6/200.0] [batch_t 0.358 (0.367)] [data_t 0.000] [optim_t 0.358] [lr 0.000200] [total 0.2410 (0.2412)] [rd 0.1590 (0.1602)] [cf 0.0344 (0.0306)] [gain 0.1104 (0.1077)] [img 0.6628 (0.6630)]
09/07 08:26:46 PM - ==> epoch 135/200 | elapsed 1:27:08 | remaining 0:41:57
09/07 08:26:51 PM - Train:  67.54% [15400/22800] [135.1/200.0] [batch_t 0.387 (0.376)] [data_t 0.000] [optim_t 0.386] [lr 0.000200] [total 0.2236 (0.2479)] [rd 0.1538 (0.1645)] [cf 0.0218 (0.0333)] [gain 0.1137 (0.1081)] [img 0.5632 (0.6816)]
09/07 08:27:11 PM - Train:  67.76% [15450/22800] [135.5/200.0] [batch_t 0.355 (0.365)] [data_t 0.000] [optim_t 0.355] [lr 0.000200] [total 0.2349 (0.2393)] [rd 0.1688 (0.1601)] [cf 0.0521 (0.0340)] [gain 0.0620 (0.1063)] [img 0.5064 (0.6393)]
09/07 08:27:29 PM - Train:  67.98% [15500/22800] [136.0/200.0] [batch_t 0.349 (0.360)] [data_t 0.000] [optim_t 0.349] [lr 0.000200] [total 0.2237 (0.2385)] [rd 0.1505 (0.1584)] [cf 0.0202 (0.0324)] [gain 0.0813 (0.1012)] [img 0.6259 (0.6549)]
09/07 08:27:30 PM - ==> epoch 136/200 | elapsed 1:27:50 | remaining 0:41:20
09/07 08:27:50 PM - Train:  68.20% [15550/22800] [136.4/200.0] [batch_t 0.386 (0.364)] [data_t 0.000] [optim_t 0.386] [lr 0.000200] [total 0.2311 (0.2462)] [rd 0.1471 (0.1617)] [cf 0.0820 (0.0355)] [gain 0.1464 (0.1143)] [img 0.5584 (0.6828)]
09/07 08:28:09 PM - Train:  68.42% [15600/22800] [136.8/200.0] [batch_t 0.350 (0.363)] [data_t 0.000] [optim_t 0.350] [lr 0.000200] [total 0.2240 (0.2392)] [rd 0.1516 (0.1585)] [cf 0.0244 (0.0320)] [gain 0.1120 (0.1001)] [img 0.5860 (0.6627)]
09/07 08:28:17 PM - ==> epoch 137/200 | elapsed 1:28:33 | remaining 0:40:43
09/07 08:28:30 PM - Train:  68.64% [15650/22800] [137.3/200.0] [batch_t 0.355 (0.359)] [data_t 0.000] [optim_t 0.355] [lr 0.000200] [total 0.2551 (0.2362)] [rd 0.1633 (0.1568)] [cf 0.0403 (0.0341)] [gain 0.0710 (0.1042)] [img 0.7811 (0.6427)]
09/07 08:28:50 PM - Train:  68.86% [15700/22800] [137.7/200.0] [batch_t 0.381 (0.366)] [data_t 0.000] [optim_t 0.381] [lr 0.000200] [total 0.2266 (0.2420)] [rd 0.1615 (0.1616)] [cf 0.0211 (0.0324)] [gain 0.1094 (0.1062)] [img 0.5214 (0.6546)]
09/07 08:29:01 PM - ==> epoch 138/200 | elapsed 1:29:16 | remaining 0:40:06
09/07 08:29:09 PM - Train:  69.08% [15750/22800] [138.2/200.0] [batch_t 0.350 (0.365)] [data_t 0.000] [optim_t 0.350] [lr 0.000200] [total 0.2404 (0.2364)] [rd 0.1605 (0.1576)] [cf 0.0467 (0.0379)] [gain 0.0787 (0.1168)] [img 0.6424 (0.6186)]
09/07 08:29:27 PM - Train:  69.30% [15800/22800] [138.6/200.0] [batch_t 0.366 (0.363)] [data_t 0.000] [optim_t 0.366] [lr 0.000200] [total 0.2190 (0.2393)] [rd 0.1504 (0.1594)] [cf 0.0355 (0.0324)] [gain 0.0765 (0.1056)] [img 0.5532 (0.6500)]
09/07 08:29:46 PM - ==> epoch 139/200 | elapsed 1:29:58 | remaining 0:39:29
09/07 08:29:49 PM - Train:  69.52% [15850/22800] [139.0/200.0] [batch_t 0.387 (0.385)] [data_t 0.000] [optim_t 0.386] [lr 0.000200] [total 0.2465 (0.2375)] [rd 0.1661 (0.1584)] [cf 0.0389 (0.0363)] [gain 0.0969 (0.0768)] [img 0.6487 (0.6572)]
09/07 08:30:07 PM - Train:  69.74% [15900/22800] [139.5/200.0] [batch_t 0.353 (0.363)] [data_t 0.000] [optim_t 0.353] [lr 0.000200] [total 0.2350 (0.2392)] [rd 0.1551 (0.1598)] [cf 0.0403 (0.0342)] [gain 0.0818 (0.1014)] [img 0.6525 (0.6453)]
09/07 08:30:27 PM - Train:  69.96% [15950/22800] [139.9/200.0] [batch_t 0.353 (0.362)] [data_t 0.000] [optim_t 0.353] [lr 0.000200] [total 0.2288 (0.2416)] [rd 0.1562 (0.1601)] [cf 0.0311 (0.0333)] [gain 0.0586 (0.1120)] [img 0.6166 (0.6591)]
09/07 08:30:30 PM - ==> epoch 140/200 | elapsed 1:30:41 | remaining 0:38:51
09/07 08:30:48 PM - Train:  70.18% [16000/22800] [140.4/200.0] [batch_t 0.383 (0.366)] [data_t 0.000] [optim_t 0.383] [lr 0.000200] [total 0.2327 (0.2358)] [rd 0.1598 (0.1549)] [cf 0.0304 (0.0328)] [gain 0.0862 (0.1034)] [img 0.5994 (0.6611)]
09/07 08:31:06 PM - Train:  70.39% [16050/22800] [140.8/200.0] [batch_t 0.358 (0.363)] [data_t 0.000] [optim_t 0.358] [lr 0.000200] [total 0.2619 (0.2420)] [rd 0.1594 (0.1606)] [cf 0.0203 (0.0343)] [gain 0.1292 (0.1032)] [img 0.8810 (0.6628)]
09/07 08:31:15 PM - ==> epoch 141/200 | elapsed 1:31:23 | remaining 0:38:14
09/07 08:31:27 PM - Train:  70.61% [16100/22800] [141.2/200.0] [batch_t 0.350 (0.365)] [data_t 0.000] [optim_t 0.350] [lr 0.000200] [total 0.2596 (0.2426)] [rd 0.1686 (0.1618)] [cf 0.0469 (0.0365)] [gain 0.1444 (0.1136)] [img 0.7009 (0.6434)]
09/07 08:31:45 PM - Train:  70.83% [16150/22800] [141.7/200.0] [batch_t 0.383 (0.364)] [data_t 0.000] [optim_t 0.382] [lr 0.000200] [total 0.2513 (0.2398)] [rd 0.1688 (0.1581)] [cf 0.0362 (0.0316)] [gain 0.0793 (0.1028)] [img 0.6887 (0.6711)]
09/07 08:31:59 PM - ==> epoch 142/200 | elapsed 1:32:06 | remaining 0:37:37
09/07 08:32:05 PM - Train:  71.05% [16200/22800] [142.1/200.0] [batch_t 0.358 (0.375)] [data_t 0.000] [optim_t 0.358] [lr 0.000200] [total 0.2648 (0.2538)] [rd 0.1600 (0.1682)] [cf 0.0179 (0.0356)] [gain 0.1059 (0.1048)] [img 0.9277 (0.7004)]
09/07 08:32:25 PM - Train:  71.27% [16250/22800] [142.5/200.0] [batch_t 0.381 (0.400)] [data_t 0.000] [optim_t 0.381] [lr 0.000200] [total 0.2093 (0.2370)] [rd 0.1412 (0.1566)] [cf 0.0222 (0.0344)] [gain 0.1253 (0.1150)] [img 0.5360 (0.6434)]
09/07 08:32:45 PM - Train:  71.49% [16300/22800] [143.0/200.0] [batch_t 0.348 (0.368)] [data_t 0.000] [optim_t 0.348] [lr 0.000200] [total 0.2202 (0.2405)] [rd 0.1480 (0.1596)] [cf 0.0326 (0.0341)] [gain 0.0801 (0.1128)] [img 0.5927 (0.6501)]
09/07 08:32:45 PM - ==> epoch 143/200 | elapsed 1:32:51 | remaining 0:37:00
09/07 08:33:06 PM - Train:  71.71% [16350/22800] [143.4/200.0] [batch_t 0.387 (0.367)] [data_t 0.000] [optim_t 0.386] [lr 0.000200] [total 0.2281 (0.2415)] [rd 0.1437 (0.1601)] [cf 0.0251 (0.0321)] [gain 0.1353 (0.1080)] [img 0.6859 (0.6633)]
09/07 08:33:25 PM - Train:  71.93% [16400/22800] [143.9/200.0] [batch_t 0.378 (0.382)] [data_t 0.000] [optim_t 0.378] [lr 0.000200] [total 0.2399 (0.2393)] [rd 0.1620 (0.1595)] [cf 0.0235 (0.0323)] [gain 0.1246 (0.1036)] [img 0.6319 (0.6508)]
09/07 08:33:31 PM - ==> epoch 144/200 | elapsed 1:33:34 | remaining 0:36:23
09/07 08:33:46 PM - Train:  72.15% [16450/22800] [144.3/200.0] [batch_t 0.366 (0.361)] [data_t 0.000] [optim_t 0.366] [lr 0.000200] [total 0.2657 (0.2374)] [rd 0.1725 (0.1578)] [cf 0.0343 (0.0310)] [gain 0.1422 (0.1093)] [img 0.7499 (0.6467)]
09/07 08:34:04 PM - Train:  72.37% [16500/22800] [144.7/200.0] [batch_t 0.376 (0.361)] [data_t 0.000] [optim_t 0.376] [lr 0.000200] [total 0.2354 (0.2421)] [rd 0.1470 (0.1591)] [cf 0.0465 (0.0367)] [gain 0.0630 (0.1001)] [img 0.7410 (0.6766)]
09/07 08:34:17 PM - ==> epoch 145/200 | elapsed 1:34:17 | remaining 0:35:46
09/07 08:34:25 PM - Train:  72.59% [16550/22800] [145.2/200.0] [batch_t 0.383 (0.360)] [data_t 0.000] [optim_t 0.383] [lr 0.000200] [total 0.2287 (0.2360)] [rd 0.1569 (0.1567)] [cf 0.0438 (0.0309)] [gain 0.0779 (0.1097)] [img 0.5684 (0.6429)]
09/07 08:34:44 PM - Train:  72.81% [16600/22800] [145.6/200.0] [batch_t 0.370 (0.375)] [data_t 0.000] [optim_t 0.370] [lr 0.000200] [total 0.2411 (0.2443)] [rd 0.1625 (0.1623)] [cf 0.0306 (0.0326)] [gain 0.0661 (0.1024)] [img 0.6713 (0.6728)]
09/07 08:35:01 PM - ==> epoch 146/200 | elapsed 1:35:00 | remaining 0:35:08
09/07 08:35:05 PM - Train:  73.03% [16650/22800] [146.1/200.0] [batch_t 0.372 (0.372)] [data_t 0.000] [optim_t 0.372] [lr 0.000200] [total 0.2201 (0.2372)] [rd 0.1518 (0.1608)] [cf 0.0168 (0.0275)] [gain 0.0814 (0.1045)] [img 0.5835 (0.6258)]
09/07 08:35:25 PM - Train:  73.25% [16700/22800] [146.5/200.0] [batch_t 0.356 (0.366)] [data_t 0.000] [optim_t 0.356] [lr 0.000200] [total 0.2519 (0.2377)] [rd 0.1696 (0.1597)] [cf 0.0303 (0.0362)] [gain 0.1456 (0.0996)] [img 0.6468 (0.6277)]
09/07 08:35:43 PM - Train:  73.46% [16750/22800] [146.9/200.0] [batch_t 0.364 (0.363)] [data_t 0.000] [optim_t 0.364] [lr 0.000200] [total 0.2332 (0.2421)] [rd 0.1482 (0.1587)] [cf 0.0277 (0.0341)] [gain 0.0736 (0.0978)] [img 0.7361 (0.6879)]
09/07 08:35:46 PM - ==> epoch 147/200 | elapsed 1:35:44 | remaining 0:34:31
09/07 08:36:05 PM - Train:  73.68% [16800/22800] [147.4/200.0] [batch_t 0.352 (0.369)] [data_t 0.000] [optim_t 0.352] [lr 0.000200] [total 0.2515 (0.2417)] [rd 0.1716 (0.1603)] [cf 0.0267 (0.0320)] [gain 0.0505 (0.0948)] [img 0.7050 (0.6736)]
09/07 08:36:23 PM - Train:  73.90% [16850/22800] [147.8/200.0] [batch_t 0.367 (0.370)] [data_t 0.000] [optim_t 0.367] [lr 0.000200] [total 0.2352 (0.2407)] [rd 0.1514 (0.1588)] [cf 0.0461 (0.0354)] [gain 0.1625 (0.0984)] [img 0.6164 (0.6700)]
09/07 08:36:33 PM - ==> epoch 148/200 | elapsed 1:36:27 | remaining 0:33:53
09/07 08:36:44 PM - Train:  74.12% [16900/22800] [148.2/200.0] [batch_t 0.351 (0.353)] [data_t 0.000] [optim_t 0.351] [lr 0.000200] [total 0.2108 (0.2399)] [rd 0.1450 (0.1575)] [cf 0.0231 (0.0326)] [gain 0.1138 (0.1227)] [img 0.5209 (0.6608)]
09/07 08:37:04 PM - Train:  74.34% [16950/22800] [148.7/200.0] [batch_t 0.382 (0.370)] [data_t 0.000] [optim_t 0.382] [lr 0.000200] [total 0.2449 (0.2417)] [rd 0.1538 (0.1604)] [cf 0.0263 (0.0330)] [gain 0.0200 (0.1029)] [img 0.8426 (0.6647)]
09/07 08:37:17 PM - ==> epoch 149/200 | elapsed 1:37:09 | remaining 0:33:15
09/07 08:37:23 PM - Train:  74.56% [17000/22800] [149.1/200.0] [batch_t 0.349 (0.359)] [data_t 0.000] [optim_t 0.349] [lr 0.000200] [total 0.2188 (0.2428)] [rd 0.1451 (0.1599)] [cf 0.0341 (0.0384)] [gain 0.0550 (0.0958)] [img 0.6249 (0.6755)]
09/07 08:37:44 PM - Train:  74.78% [17050/22800] [149.6/200.0] [batch_t 0.353 (0.369)] [data_t 0.000] [optim_t 0.352] [lr 0.000200] [total 0.2148 (0.2357)] [rd 0.1527 (0.1575)] [cf 0.0153 (0.0349)] [gain 0.0906 (0.1075)] [img 0.5180 (0.6263)]
09/07 08:38:01 PM - Train:  75.00% [17100/22800] [150.0/200.0] [batch_t 0.167 (0.349)] [data_t 0.000] [optim_t 0.167] [lr 0.000200] [total 0.2919 (0.2427)] [rd 0.1779 (0.1611)] [cf 0.0731 (0.0312)] [gain 0.1408 (0.1120)] [img 0.8809 (0.6637)]
09/07 08:38:01 PM - ==> epoch 150/200 | elapsed 1:37:51 | remaining 0:32:37
09/07 08:38:23 PM - Train:  75.22% [17150/22800] [150.4/200.0] [batch_t 0.357 (0.368)] [data_t 0.000] [optim_t 0.357] [lr 0.000200] [total 0.2303 (0.2405)] [rd 0.1612 (0.1587)] [cf 0.0207 (0.0353)] [gain 0.0505 (0.1084)] [img 0.6091 (0.6609)]
09/07 08:38:41 PM - Train:  75.44% [17200/22800] [150.9/200.0] [batch_t 0.372 (0.364)] [data_t 0.000] [optim_t 0.372] [lr 0.000200] [total 0.2700 (0.2393)] [rd 0.1898 (0.1595)] [cf 0.0342 (0.0375)] [gain 0.0794 (0.1016)] [img 0.6696 (0.6421)]
09/07 08:38:48 PM - ==> epoch 151/200 | elapsed 1:38:34 | remaining 0:31:59
09/07 08:39:02 PM - Train:  75.66% [17250/22800] [151.3/200.0] [batch_t 0.355 (0.357)] [data_t 0.000] [optim_t 0.355] [lr 0.000200] [total 0.2196 (0.2422)] [rd 0.1495 (0.1593)] [cf 0.0489 (0.0346)] [gain 0.0846 (0.1105)] [img 0.5356 (0.6712)]
09/07 08:39:22 PM - Train:  75.88% [17300/22800] [151.8/200.0] [batch_t 0.351 (0.371)] [data_t 0.000] [optim_t 0.351] [lr 0.000200] [total 0.2449 (0.2429)] [rd 0.1555 (0.1604)] [cf 0.0346 (0.0356)] [gain 0.1304 (0.1183)] [img 0.7205 (0.6587)]
09/07 08:39:32 PM - ==> epoch 152/200 | elapsed 1:39:17 | remaining 0:31:21
09/07 08:39:41 PM - Train:  76.10% [17350/22800] [152.2/200.0] [batch_t 0.356 (0.358)] [data_t 0.000] [optim_t 0.356] [lr 0.000200] [total 0.2552 (0.2412)] [rd 0.1757 (0.1583)] [cf 0.0275 (0.0346)] [gain 0.1007 (0.1204)] [img 0.6596 (0.6628)]
09/07 08:40:02 PM - Train:  76.32% [17400/22800] [152.6/200.0] [batch_t 0.353 (0.370)] [data_t 0.000] [optim_t 0.353] [lr 0.000200] [total 0.2244 (0.2423)] [rd 0.1507 (0.1604)] [cf 0.0442 (0.0343)] [gain 0.1071 (0.1059)] [img 0.5633 (0.6665)]
09/07 08:40:16 PM - ==> epoch 153/200 | elapsed 1:39:59 | remaining 0:30:42
09/07 08:40:21 PM - Train:  76.54% [17450/22800] [153.1/200.0] [batch_t 0.358 (0.382)] [data_t 0.000] [optim_t 0.358] [lr 0.000200] [total 0.2396 (0.2361)] [rd 0.1569 (0.1585)] [cf 0.0352 (0.0291)] [gain 0.1151 (0.0926)] [img 0.6646 (0.6436)]
09/07 08:40:41 PM - Train:  76.75% [17500/22800] [153.5/200.0] [batch_t 0.354 (0.360)] [data_t 0.000] [optim_t 0.353] [lr 0.000200] [total 0.2473 (0.2361)] [rd 0.1665 (0.1578)] [cf 0.0302 (0.0349)] [gain 0.0769 (0.1071)] [img 0.6855 (0.6275)]
09/07 08:40:59 PM - Train:  76.97% [17550/22800] [153.9/200.0] [batch_t 0.381 (0.359)] [data_t 0.000] [optim_t 0.380] [lr 0.000200] [total 0.2665 (0.2444)] [rd 0.1717 (0.1601)] [cf 0.0300 (0.0345)] [gain 0.0451 (0.1061)] [img 0.8517 (0.6891)]
09/07 08:41:03 PM - ==> epoch 154/200 | elapsed 1:40:41 | remaining 0:30:04
09/07 08:41:20 PM - Train:  77.19% [17600/22800] [154.4/200.0] [batch_t 0.382 (0.361)] [data_t 0.000] [optim_t 0.382] [lr 0.000200] [total 0.2245 (0.2331)] [rd 0.1536 (0.1567)] [cf 0.0374 (0.0350)] [gain 0.0791 (0.1038)] [img 0.5716 (0.6110)]
09/07 08:41:38 PM - Train:  77.41% [17650/22800] [154.8/200.0] [batch_t 0.350 (0.362)] [data_t 0.000] [optim_t 0.350] [lr 0.000200] [total 0.2926 (0.2426)] [rd 0.1966 (0.1612)] [cf 0.0461 (0.0343)] [gain 0.1170 (0.1030)] [img 0.7747 (0.6625)]
09/07 08:41:45 PM - ==> epoch 155/200 | elapsed 1:41:23 | remaining 0:29:26
09/07 08:42:00 PM - Train:  77.63% [17700/22800] [155.3/200.0] [batch_t 0.370 (0.369)] [data_t 0.000] [optim_t 0.370] [lr 0.000200] [total 0.2386 (0.2437)] [rd 0.1651 (0.1647)] [cf 0.0351 (0.0368)] [gain 0.1096 (0.1047)] [img 0.5774 (0.6329)]
09/07 08:42:19 PM - Train:  77.85% [17750/22800] [155.7/200.0] [batch_t 0.385 (0.364)] [data_t 0.000] [optim_t 0.385] [lr 0.000200] [total 0.2223 (0.2371)] [rd 0.1478 (0.1592)] [cf 0.0405 (0.0339)] [gain 0.0759 (0.1021)] [img 0.6028 (0.6300)]
09/07 08:42:33 PM - ==> epoch 156/200 | elapsed 1:42:06 | remaining 0:28:48
09/07 08:42:40 PM - Train:  78.07% [17800/22800] [156.1/200.0] [batch_t 0.354 (0.364)] [data_t 0.000] [optim_t 0.354] [lr 0.000200] [total 0.2259 (0.2450)] [rd 0.1563 (0.1612)] [cf 0.0275 (0.0299)] [gain 0.0784 (0.0980)] [img 0.5775 (0.7002)]
09/07 08:42:58 PM - Train:  78.29% [17850/22800] [156.6/200.0] [batch_t 0.363 (0.363)] [data_t 0.000] [optim_t 0.363] [lr 0.000200] [total 0.2163 (0.2414)] [rd 0.1452 (0.1593)] [cf 0.0207 (0.0360)] [gain 0.1334 (0.1179)] [img 0.5623 (0.6547)]
09/07 08:43:17 PM - ==> epoch 157/200 | elapsed 1:42:49 | remaining 0:28:09
09/07 08:43:19 PM - Train:  78.51% [17900/22800] [157.0/200.0] [batch_t 0.385 (0.384)] [data_t 0.000] [optim_t 0.385] [lr 0.000200] [total 0.2506 (0.2556)] [rd 0.1622 (0.1627)] [cf 0.0481 (0.0342)] [gain 0.1393 (0.1348)] [img 0.6765 (0.7524)]
09/07 08:43:39 PM - Train:  78.73% [17950/22800] [157.5/200.0] [batch_t 0.351 (0.363)] [data_t 0.000] [optim_t 0.351] [lr 0.000200] [total 0.2193 (0.2393)] [rd 0.1560 (0.1596)] [cf 0.0285 (0.0360)] [gain 0.1083 (0.1035)] [img 0.4894 (0.6424)]
09/07 08:43:57 PM - Train:  78.95% [18000/22800] [157.9/200.0] [batch_t 0.359 (0.360)] [data_t 0.000] [optim_t 0.359] [lr 0.000200] [total 0.2224 (0.2385)] [rd 0.1431 (0.1585)] [cf 0.0249 (0.0337)] [gain 0.1160 (0.1074)] [img 0.6507 (0.6467)]
09/07 08:44:01 PM - ==> epoch 158/200 | elapsed 1:43:31 | remaining 0:27:31
09/07 08:44:18 PM - Train:  79.17% [18050/22800] [158.3/200.0] [batch_t 0.359 (0.361)] [data_t 0.000] [optim_t 0.359] [lr 0.000200] [total 0.2466 (0.2443)] [rd 0.1608 (0.1603)] [cf 0.0470 (0.0391)] [gain 0.1285 (0.1102)] [img 0.6614 (0.6739)]
09/07 08:44:36 PM - Train:  79.39% [18100/22800] [158.8/200.0] [batch_t 0.365 (0.363)] [data_t 0.000] [optim_t 0.365] [lr 0.000200] [total 0.2241 (0.2381)] [rd 0.1443 (0.1583)] [cf 0.0444 (0.0367)] [gain 0.1095 (0.1047)] [img 0.6210 (0.6410)]
09/07 08:44:47 PM - ==> epoch 159/200 | elapsed 1:44:13 | remaining 0:26:52
09/07 08:44:57 PM - Train:  79.61% [18150/22800] [159.2/200.0] [batch_t 0.358 (0.359)] [data_t 0.000] [optim_t 0.358] [lr 0.000200] [total 0.2162 (0.2345)] [rd 0.1429 (0.1552)] [cf 0.0220 (0.0344)] [gain 0.1703 (0.1125)] [img 0.5526 (0.6344)]
09/07 08:45:17 PM - Train:  79.82% [18200/22800] [159.6/200.0] [batch_t 0.382 (0.362)] [data_t 0.000] [optim_t 0.382] [lr 0.000200] [total 0.2185 (0.2414)] [rd 0.1506 (0.1599)] [cf 0.0355 (0.0369)] [gain 0.0528 (0.0990)] [img 0.5656 (0.6616)]
09/07 08:45:31 PM - ==> epoch 160/200 | elapsed 1:44:55 | remaining 0:26:13
09/07 08:45:36 PM - Train:  80.04% [18250/22800] [160.1/200.0] [batch_t 0.361 (0.371)] [data_t 0.000] [optim_t 0.361] [lr 0.000200] [total 0.2521 (0.2315)] [rd 0.1697 (0.1561)] [cf 0.0451 (0.0354)] [gain 0.1081 (0.1013)] [img 0.6474 (0.6016)]
09/07 08:45:56 PM - Train:  80.26% [18300/22800] [160.5/200.0] [batch_t 0.352 (0.361)] [data_t 0.000] [optim_t 0.352] [lr 0.000200] [total 0.2462 (0.2369)] [rd 0.1676 (0.1577)] [cf 0.0526 (0.0369)] [gain 0.1331 (0.1090)] [img 0.5752 (0.6316)]
09/07 08:46:14 PM - Train:  80.48% [18350/22800] [161.0/200.0] [batch_t 0.354 (0.359)] [data_t 0.000] [optim_t 0.354] [lr 0.000200] [total 0.2220 (0.2391)] [rd 0.1531 (0.1593)] [cf 0.0517 (0.0376)] [gain 0.0490 (0.1067)] [img 0.5467 (0.6380)]
09/07 08:46:15 PM - ==> epoch 161/200 | elapsed 1:45:37 | remaining 0:25:35
09/07 08:46:35 PM - Train:  80.70% [18400/22800] [161.4/200.0] [batch_t 0.367 (0.360)] [data_t 0.000] [optim_t 0.366] [lr 0.000200] [total 0.2172 (0.2413)] [rd 0.1491 (0.1607)] [cf 0.0229 (0.0368)] [gain 0.0879 (0.1022)] [img 0.5649 (0.6499)]
09/07 08:46:53 PM - Train:  80.92% [18450/22800] [161.8/200.0] [batch_t 0.358 (0.362)] [data_t 0.000] [optim_t 0.358] [lr 0.000200] [total 0.2351 (0.2359)] [rd 0.1559 (0.1573)] [cf 0.0369 (0.0369)] [gain 0.1333 (0.1077)] [img 0.6113 (0.6269)]
09/07 08:47:02 PM - ==> epoch 162/200 | elapsed 1:46:19 | remaining 0:24:56
09/07 08:47:14 PM - Train:  81.14% [18500/22800] [162.3/200.0] [batch_t 0.356 (0.358)] [data_t 0.000] [optim_t 0.356] [lr 0.000200] [total 0.2328 (0.2370)] [rd 0.1649 (0.1576)] [cf 0.0409 (0.0366)] [gain 0.1124 (0.1148)] [img 0.5070 (0.6298)]
09/07 08:47:35 PM - Train:  81.36% [18550/22800] [162.7/200.0] [batch_t 0.387 (0.362)] [data_t 0.000] [optim_t 0.387] [lr 0.000200] [total 0.2203 (0.2395)] [rd 0.1493 (0.1589)] [cf 0.0276 (0.0352)] [gain 0.1048 (0.1104)] [img 0.5715 (0.6472)]
09/07 08:47:46 PM - ==> epoch 163/200 | elapsed 1:47:01 | remaining 0:24:17
09/07 08:47:54 PM - Train:  81.58% [18600/22800] [163.2/200.0] [batch_t 0.352 (0.353)] [data_t 0.000] [optim_t 0.352] [lr 0.000200] [total 0.2347 (0.2429)] [rd 0.1606 (0.1620)] [cf 0.0250 (0.0434)] [gain 0.1168 (0.1103)] [img 0.5981 (0.6338)]
09/07 08:48:14 PM - Train:  81.80% [18650/22800] [163.6/200.0] [batch_t 0.351 (0.360)] [data_t 0.000] [optim_t 0.351] [lr 0.000200] [total 0.2412 (0.2362)] [rd 0.1649 (0.1590)] [cf 0.0498 (0.0327)] [gain 0.1068 (0.1067)] [img 0.5779 (0.6213)]
09/07 08:48:30 PM - ==> epoch 164/200 | elapsed 1:47:43 | remaining 0:23:38
09/07 08:48:33 PM - Train:  82.02% [18700/22800] [164.0/200.0] [batch_t 0.383 (0.385)] [data_t 0.000] [optim_t 0.383] [lr 0.000200] [total 0.2221 (0.2442)] [rd 0.1553 (0.1636)] [cf 0.0280 (0.0408)] [gain 0.0693 (0.0903)] [img 0.5563 (0.6520)]
09/07 08:48:53 PM - Train:  82.24% [18750/22800] [164.5/200.0] [batch_t 0.349 (0.359)] [data_t 0.000] [optim_t 0.349] [lr 0.000200] [total 0.2377 (0.2430)] [rd 0.1523 (0.1600)] [cf 0.0594 (0.0352)] [gain 0.1934 (0.1006)] [img 0.5801 (0.6793)]
09/07 08:49:11 PM - Train:  82.46% [18800/22800] [164.9/200.0] [batch_t 0.353 (0.360)] [data_t 0.000] [optim_t 0.353] [lr 0.000200] [total 0.2412 (0.2389)] [rd 0.1500 (0.1566)] [cf 0.0445 (0.0338)] [gain 0.1646 (0.1075)] [img 0.6912 (0.6697)]
09/07 08:49:14 PM - ==> epoch 165/200 | elapsed 1:48:25 | remaining 0:23:00
09/07 08:49:32 PM - Train:  82.68% [18850/22800] [165.4/200.0] [batch_t 0.385 (0.358)] [data_t 0.000] [optim_t 0.385] [lr 0.000200] [total 0.2340 (0.2384)] [rd 0.1564 (0.1593)] [cf 0.0358 (0.0326)] [gain 0.1353 (0.1064)] [img 0.5962 (0.6414)]
09/07 08:49:52 PM - Train:  82.89% [18900/22800] [165.8/200.0] [batch_t 0.363 (0.359)] [data_t 0.000] [optim_t 0.363] [lr 0.000200] [total 0.2894 (0.2380)] [rd 0.1936 (0.1582)] [cf 0.0271 (0.0342)] [gain 0.1120 (0.1084)] [img 0.8137 (0.6428)]
09/07 08:50:01 PM - ==> epoch 166/200 | elapsed 1:49:07 | remaining 0:22:21
09/07 08:50:11 PM - Train:  83.11% [18950/22800] [166.2/200.0] [batch_t 0.352 (0.358)] [data_t 0.000] [optim_t 0.351] [lr 0.000200] [total 0.2679 (0.2406)] [rd 0.1788 (0.1595)] [cf 0.0495 (0.0366)] [gain 0.0572 (0.1004)] [img 0.7463 (0.6573)]
09/07 08:50:31 PM - Train:  83.33% [19000/22800] [166.7/200.0] [batch_t 0.350 (0.360)] [data_t 0.000] [optim_t 0.350] [lr 0.000200] [total 0.2371 (0.2373)] [rd 0.1566 (0.1593)] [cf 0.0439 (0.0357)] [gain 0.0787 (0.1016)] [img 0.6544 (0.6281)]
09/07 08:50:45 PM - ==> epoch 167/200 | elapsed 1:49:49 | remaining 0:21:42
09/07 08:50:50 PM - Train:  83.55% [19050/22800] [167.1/200.0] [batch_t 0.388 (0.370)] [data_t 0.000] [optim_t 0.388] [lr 0.000200] [total 0.2238 (0.2351)] [rd 0.1455 (0.1565)] [cf 0.0226 (0.0338)] [gain 0.1162 (0.0908)] [img 0.6447 (0.6461)]
09/07 08:51:10 PM - Train:  83.77% [19100/22800] [167.5/200.0] [batch_t 0.351 (0.359)] [data_t 0.000] [optim_t 0.351] [lr 0.000200] [total 0.2432 (0.2365)] [rd 0.1648 (0.1572)] [cf 0.0446 (0.0374)] [gain 0.1380 (0.1080)] [img 0.5844 (0.6323)]
09/07 08:51:28 PM - Train:  83.99% [19150/22800] [168.0/200.0] [batch_t 0.349 (0.358)] [data_t 0.000] [optim_t 0.349] [lr 0.000200] [total 0.2556 (0.2423)] [rd 0.1776 (0.1604)] [cf 0.0389 (0.0379)] [gain 0.0959 (0.1047)] [img 0.6252 (0.6589)]
09/07 08:51:29 PM - ==> epoch 168/200 | elapsed 1:50:31 | remaining 0:21:03
09/07 08:51:50 PM - Train:  84.21% [19200/22800] [168.4/200.0] [batch_t 0.350 (0.365)] [data_t 0.000] [optim_t 0.350] [lr 0.000200] [total 0.2720 (0.2376)] [rd 0.1769 (0.1581)] [cf 0.0177 (0.0343)] [gain 0.1953 (0.1114)] [img 0.7589 (0.6375)]
09/07 08:52:10 PM - Train:  84.43% [19250/22800] [168.9/200.0] [batch_t 0.353 (0.362)] [data_t 0.000] [optim_t 0.353] [lr 0.000200] [total 0.2450 (0.2396)] [rd 0.1545 (0.1576)] [cf 0.0400 (0.0387)] [gain 0.1275 (0.1044)] [img 0.7232 (0.6586)]
09/07 08:52:16 PM - ==> epoch 169/200 | elapsed 1:51:14 | remaining 0:20:24
09/07 08:52:29 PM - Train:  84.65% [19300/22800] [169.3/200.0] [batch_t 0.350 (0.353)] [data_t 0.000] [optim_t 0.350] [lr 0.000200] [total 0.1923 (0.2361)] [rd 0.1313 (0.1581)] [cf 0.0185 (0.0375)] [gain 0.1177 (0.0996)] [img 0.4788 (0.6260)]
09/07 08:52:49 PM - Train:  84.87% [19350/22800] [169.7/200.0] [batch_t 0.384 (0.366)] [data_t 0.000] [optim_t 0.384] [lr 0.000200] [total 0.2039 (0.2380)] [rd 0.1355 (0.1579)] [cf 0.0382 (0.0359)] [gain 0.1187 (0.1185)] [img 0.5123 (0.6341)]
09/07 08:53:00 PM - ==> epoch 170/200 | elapsed 1:51:56 | remaining 0:19:45
09/07 08:53:08 PM - Train:  85.09% [19400/22800] [170.2/200.0] [batch_t 0.352 (0.353)] [data_t 0.000] [optim_t 0.352] [lr 0.000200] [total 0.2388 (0.2378)] [rd 0.1497 (0.1570)] [cf 0.0517 (0.0394)] [gain 0.0860 (0.1071)] [img 0.7193 (0.6430)]
09/07 08:53:28 PM - Train:  85.31% [19450/22800] [170.6/200.0] [batch_t 0.353 (0.367)] [data_t 0.000] [optim_t 0.353] [lr 0.000200] [total 0.2243 (0.2421)] [rd 0.1572 (0.1584)] [cf 0.0525 (0.0402)] [gain 0.0808 (0.1064)] [img 0.5013 (0.6710)]
09/07 08:53:44 PM - ==> epoch 171/200 | elapsed 1:52:38 | remaining 0:19:06
09/07 08:53:47 PM - Train:  85.53% [19500/22800] [171.1/200.0] [batch_t 0.383 (0.373)] [data_t 0.000] [optim_t 0.383] [lr 0.000200] [total 0.2647 (0.2532)] [rd 0.1700 (0.1618)] [cf 0.0378 (0.0368)] [gain 0.1596 (0.1050)] [img 0.7443 (0.7559)]
09/07 08:54:07 PM - Train:  85.75% [19550/22800] [171.5/200.0] [batch_t 0.350 (0.365)] [data_t 0.000] [optim_t 0.350] [lr 0.000200] [total 0.2439 (0.2392)] [rd 0.1652 (0.1562)] [cf 0.0486 (0.0402)] [gain 0.0302 (0.1020)] [img 0.6659 (0.6681)]
09/07 08:54:27 PM - Train:  85.96% [19600/22800] [171.9/200.0] [batch_t 0.385 (0.358)] [data_t 0.000] [optim_t 0.385] [lr 0.000200] [total 0.2323 (0.2392)] [rd 0.1501 (0.1597)] [cf 0.0328 (0.0380)] [gain 0.0499 (0.0939)] [img 0.7160 (0.6439)]
09/07 08:54:30 PM - ==> epoch 172/200 | elapsed 1:53:20 | remaining 0:18:27
09/07 08:54:46 PM - Train:  86.18% [19650/22800] [172.4/200.0] [batch_t 0.351 (0.355)] [data_t 0.000] [optim_t 0.351] [lr 0.000200] [total 0.2397 (0.2382)] [rd 0.1551 (0.1582)] [cf 0.0539 (0.0399)] [gain 0.1199 (0.1091)] [img 0.6425 (0.6326)]
09/07 08:55:07 PM - Train:  86.40% [19700/22800] [172.8/200.0] [batch_t 0.381 (0.364)] [data_t 0.000] [optim_t 0.381] [lr 0.000200] [total 0.2487 (0.2393)] [rd 0.1600 (0.1591)] [cf 0.0475 (0.0388)] [gain 0.1040 (0.1144)] [img 0.7082 (0.6326)]
09/07 08:55:14 PM - ==> epoch 173/200 | elapsed 1:54:02 | remaining 0:17:47
09/07 08:55:25 PM - Train:  86.62% [19750/22800] [173.2/200.0] [batch_t 0.350 (0.353)] [data_t 0.000] [optim_t 0.350] [lr 0.000200] [total 0.2404 (0.2376)] [rd 0.1561 (0.1578)] [cf 0.0212 (0.0454)] [gain 0.1734 (0.1122)] [img 0.6624 (0.6174)]
09/07 08:55:45 PM - Train:  86.84% [19800/22800] [173.7/200.0] [batch_t 0.413 (0.384)] [data_t 0.000] [optim_t 0.413] [lr 0.000200] [total 0.2522 (0.2418)] [rd 0.1738 (0.1598)] [cf 0.0553 (0.0415)] [gain 0.0853 (0.0978)] [img 0.6057 (0.6594)]
09/07 08:56:00 PM - ==> epoch 174/200 | elapsed 1:54:46 | remaining 0:17:09
09/07 08:56:06 PM - Train:  87.06% [19850/22800] [174.1/200.0] [batch_t 0.350 (0.353)] [data_t 0.000] [optim_t 0.350] [lr 0.000200] [total 0.2241 (0.2371)] [rd 0.1534 (0.1580)] [cf 0.0333 (0.0318)] [gain 0.1136 (0.1050)] [img 0.5498 (0.6433)]
09/07 08:56:26 PM - Train:  87.28% [19900/22800] [174.6/200.0] [batch_t 0.373 (0.363)] [data_t 0.000] [optim_t 0.373] [lr 0.000200] [total 0.2101 (0.2418)] [rd 0.1466 (0.1588)] [cf 0.0215 (0.0408)] [gain 0.0729 (0.1091)] [img 0.5339 (0.6613)]
09/07 08:56:43 PM - Train:  87.50% [19950/22800] [175.0/200.0] [batch_t 0.167 (0.354)] [data_t 0.000] [optim_t 0.166] [lr 0.000200] [total 0.2947 (0.2405)] [rd 0.1887 (0.1592)] [cf 0.0557 (0.0408)] [gain 0.0769 (0.1017)] [img 0.8870 (0.6503)]
09/07 08:56:43 PM - ==> epoch 175/200 | elapsed 1:55:28 | remaining 0:16:29
09/07 08:57:05 PM - Train:  87.72% [20000/22800] [175.4/200.0] [batch_t 0.382 (0.366)] [data_t 0.000] [optim_t 0.382] [lr 0.000200] [total 0.2481 (0.2406)] [rd 0.1486 (0.1598)] [cf 0.0225 (0.0399)] [gain 0.1017 (0.1008)] [img 0.8684 (0.6467)]
09/07 08:57:23 PM - Train:  87.94% [20050/22800] [175.9/200.0] [batch_t 0.359 (0.355)] [data_t 0.000] [optim_t 0.359] [lr 0.000200] [total 0.2290 (0.2396)] [rd 0.1652 (0.1577)] [cf 0.0321 (0.0417)] [gain 0.0671 (0.1116)] [img 0.5199 (0.6466)]
09/07 08:57:28 PM - ==> epoch 176/200 | elapsed 1:56:10 | remaining 0:15:50
09/07 08:57:44 PM - Train:  88.16% [20100/22800] [176.3/200.0] [batch_t 0.351 (0.368)] [data_t 0.000] [optim_t 0.350] [lr 0.000200] [total 0.2204 (0.2377)] [rd 0.1464 (0.1589)] [cf 0.0552 (0.0383)] [gain 0.1281 (0.0993)] [img 0.5280 (0.6322)]
09/07 08:58:02 PM - Train:  88.38% [20150/22800] [176.8/200.0] [batch_t 0.382 (0.355)] [data_t 0.000] [optim_t 0.382] [lr 0.000200] [total 0.2417 (0.2412)] [rd 0.1559 (0.1588)] [cf 0.0399 (0.0390)] [gain 0.0988 (0.1022)] [img 0.6990 (0.6642)]
09/07 08:58:14 PM - ==> epoch 177/200 | elapsed 1:56:53 | remaining 0:15:11
09/07 08:58:23 PM - Train:  88.60% [20200/22800] [177.2/200.0] [batch_t 0.351 (0.352)] [data_t 0.000] [optim_t 0.351] [lr 0.000200] [total 0.2673 (0.2409)] [rd 0.1710 (0.1595)] [cf 0.0864 (0.0397)] [gain 0.1180 (0.0994)] [img 0.6964 (0.6544)]
09/07 08:58:43 PM - Train:  88.82% [20250/22800] [177.6/200.0] [batch_t 0.372 (0.361)] [data_t 0.000] [optim_t 0.372] [lr 0.000200] [total 0.2288 (0.2390)] [rd 0.1577 (0.1586)] [cf 0.0303 (0.0415)] [gain 0.0466 (0.1099)] [img 0.6134 (0.6330)]
09/07 08:58:58 PM - ==> epoch 178/200 | elapsed 1:57:34 | remaining 0:14:31
09/07 08:59:02 PM - Train:  89.04% [20300/22800] [178.1/200.0] [batch_t 0.354 (0.355)] [data_t 0.000] [optim_t 0.354] [lr 0.000200] [total 0.2434 (0.2355)] [rd 0.1628 (0.1541)] [cf 0.0354 (0.0368)] [gain 0.0761 (0.0886)] [img 0.6744 (0.6694)]
09/07 08:59:22 PM - Train:  89.25% [20350/22800] [178.5/200.0] [batch_t 0.349 (0.369)] [data_t 0.000] [optim_t 0.349] [lr 0.000200] [total 0.2233 (0.2403)] [rd 0.1497 (0.1574)] [cf 0.0425 (0.0465)] [gain 0.0680 (0.1078)] [img 0.5960 (0.6493)]
09/07 08:59:40 PM - Train:  89.47% [20400/22800] [178.9/200.0] [batch_t 0.348 (0.352)] [data_t 0.000] [optim_t 0.348] [lr 0.000200] [total 0.2327 (0.2397)] [rd 0.1557 (0.1590)] [cf 0.0451 (0.0400)] [gain 0.1354 (0.1007)] [img 0.5716 (0.6454)]
09/07 08:59:42 PM - ==> epoch 179/200 | elapsed 1:58:17 | remaining 0:13:52
09/07 09:00:01 PM - Train:  89.69% [20450/22800] [179.4/200.0] [batch_t 0.350 (0.367)] [data_t 0.000] [optim_t 0.350] [lr 0.000200] [total 0.2572 (0.2356)] [rd 0.1669 (0.1564)] [cf 0.0327 (0.0394)] [gain 0.1345 (0.1049)] [img 0.7292 (0.6297)]
09/07 09:00:19 PM - Train:  89.91% [20500/22800] [179.8/200.0] [batch_t 0.386 (0.357)] [data_t 0.000] [optim_t 0.386] [lr 0.000200] [total 0.2367 (0.2399)] [rd 0.1593 (0.1584)] [cf 0.0346 (0.0414)] [gain 0.1316 (0.0982)] [img 0.5994 (0.6532)]
09/07 09:00:28 PM - ==> epoch 180/200 | elapsed 1:58:59 | remaining 0:13:13
09/07 09:00:40 PM - Train:  90.13% [20550/22800] [180.3/200.0] [batch_t 0.351 (0.351)] [data_t 0.000] [optim_t 0.351] [lr 0.000200] [total 0.2470 (0.2378)] [rd 0.1602 (0.1594)] [cf 0.0368 (0.0428)] [gain 0.1622 (0.1045)] [img 0.6642 (0.6147)]
09/07 09:01:01 PM - Train:  90.35% [20600/22800] [180.7/200.0] [batch_t 0.379 (0.367)] [data_t 0.000] [optim_t 0.379] [lr 0.000200] [total 0.2495 (0.2373)] [rd 0.1555 (0.1558)] [cf 0.0254 (0.0386)] [gain 0.1370 (0.1065)] [img 0.7803 (0.6528)]
09/07 09:01:13 PM - ==> epoch 181/200 | elapsed 1:59:42 | remaining 0:12:33
09/07 09:01:20 PM - Train:  90.57% [20650/22800] [181.1/200.0] [batch_t 0.356 (0.366)] [data_t 0.000] [optim_t 0.356] [lr 0.000200] [total 0.2395 (0.2350)] [rd 0.1584 (0.1572)] [cf 0.0289 (0.0439)] [gain 0.0914 (0.1055)] [img 0.6807 (0.6053)]
09/07 09:01:40 PM - Train:  90.79% [20700/22800] [181.6/200.0] [batch_t 0.357 (0.364)] [data_t 0.000] [optim_t 0.357] [lr 0.000200] [total 0.2214 (0.2362)] [rd 0.1546 (0.1557)] [cf 0.0400 (0.0429)] [gain 0.1392 (0.1058)] [img 0.4762 (0.6347)]
09/07 09:01:57 PM - ==> epoch 182/200 | elapsed 2:00:24 | remaining 0:11:54
09/07 09:01:59 PM - Train:  91.01% [20750/22800] [182.0/200.0] [batch_t 0.365 (0.366)] [data_t 0.000] [optim_t 0.365] [lr 0.000200] [total 0.2562 (0.2641)] [rd 0.1712 (0.1765)] [cf 0.0255 (0.0381)] [gain 0.1039 (0.0835)] [img 0.7163 (0.7334)]
09/07 09:02:19 PM - Train:  91.23% [20800/22800] [182.5/200.0] [batch_t 0.356 (0.364)] [data_t 0.000] [optim_t 0.356] [lr 0.000200] [total 0.2297 (0.2417)] [rd 0.1628 (0.1597)] [cf 0.0445 (0.0424)] [gain 0.0782 (0.1110)] [img 0.5175 (0.6457)]
09/07 09:02:37 PM - Train:  91.45% [20850/22800] [182.9/200.0] [batch_t 0.358 (0.362)] [data_t 0.000] [optim_t 0.358] [lr 0.000200] [total 0.2515 (0.2387)] [rd 0.1649 (0.1568)] [cf 0.0380 (0.0422)] [gain 0.0487 (0.1149)] [img 0.7504 (0.6429)]
09/07 09:02:43 PM - ==> epoch 183/200 | elapsed 2:01:07 | remaining 0:11:15
09/07 09:02:58 PM - Train:  91.67% [20900/22800] [183.3/200.0] [batch_t 0.356 (0.362)] [data_t 0.000] [optim_t 0.356] [lr 0.000200] [total 0.2138 (0.2397)] [rd 0.1441 (0.1586)] [cf 0.0576 (0.0427)] [gain 0.1051 (0.1013)] [img 0.4970 (0.6446)]
09/07 09:03:18 PM - Train:  91.89% [20950/22800] [183.8/200.0] [batch_t 0.363 (0.363)] [data_t 0.000] [optim_t 0.363] [lr 0.000200] [total 0.2334 (0.2383)] [rd 0.1626 (0.1583)] [cf 0.0329 (0.0447)] [gain 0.0900 (0.1081)] [img 0.5702 (0.6241)]
09/07 09:03:28 PM - ==> epoch 184/200 | elapsed 2:01:49 | remaining 0:10:35
09/07 09:03:37 PM - Train:  92.11% [21000/22800] [184.2/200.0] [batch_t 0.372 (0.361)] [data_t 0.000] [optim_t 0.372] [lr 0.000200] [total 0.2384 (0.2340)] [rd 0.1543 (0.1573)] [cf 0.0481 (0.0399)] [gain 0.1392 (0.0949)] [img 0.6334 (0.6122)]
09/07 09:03:57 PM - Train:  92.32% [21050/22800] [184.6/200.0] [batch_t 0.368 (0.364)] [data_t 0.000] [optim_t 0.367] [lr 0.000200] [total 0.2430 (0.2382)] [rd 0.1660 (0.1582)] [cf 0.0457 (0.0407)] [gain 0.1071 (0.1036)] [img 0.5930 (0.6358)]
09/07 09:04:12 PM - ==> epoch 185/200 | elapsed 2:02:31 | remaining 0:09:56
09/07 09:04:17 PM - Train:  92.54% [21100/22800] [185.1/200.0] [batch_t 0.362 (0.368)] [data_t 0.000] [optim_t 0.362] [lr 0.000200] [total 0.2339 (0.2382)] [rd 0.1561 (0.1555)] [cf 0.0441 (0.0513)] [gain 0.1324 (0.1079)] [img 0.5845 (0.6383)]
09/07 09:04:37 PM - Train:  92.76% [21150/22800] [185.5/200.0] [batch_t 0.358 (0.364)] [data_t 0.000] [optim_t 0.358] [lr 0.000200] [total 0.2173 (0.2395)] [rd 0.1539 (0.1590)] [cf 0.0371 (0.0413)] [gain 0.1099 (0.1127)] [img 0.4720 (0.6319)]
09/07 09:04:55 PM - Train:  92.98% [21200/22800] [186.0/200.0] [batch_t 0.358 (0.362)] [data_t 0.000] [optim_t 0.358] [lr 0.000200] [total 0.2447 (0.2402)] [rd 0.1476 (0.1581)] [cf 0.0431 (0.0437)] [gain 0.1810 (0.1086)] [img 0.7398 (0.6470)]
09/07 09:04:56 PM - ==> epoch 186/200 | elapsed 2:03:14 | remaining 0:09:16
09/07 09:05:16 PM - Train:  93.20% [21250/22800] [186.4/200.0] [batch_t 0.360 (0.363)] [data_t 0.000] [optim_t 0.360] [lr 0.000200] [total 0.2523 (0.2343)] [rd 0.1638 (0.1560)] [cf 0.0418 (0.0415)] [gain 0.0402 (0.0954)] [img 0.7687 (0.6231)]
09/07 09:05:35 PM - Train:  93.42% [21300/22800] [186.8/200.0] [batch_t 0.367 (0.361)] [data_t 0.000] [optim_t 0.367] [lr 0.000200] [total 0.2371 (0.2414)] [rd 0.1497 (0.1595)] [cf 0.0665 (0.0457)] [gain 0.0639 (0.1028)] [img 0.6902 (0.6455)]
09/07 09:05:41 PM - ==> epoch 187/200 | elapsed 2:03:56 | remaining 0:08:36
09/07 09:05:56 PM - Train:  93.64% [21350/22800] [187.3/200.0] [batch_t 0.365 (0.364)] [data_t 0.000] [optim_t 0.365] [lr 0.000200] [total 0.2497 (0.2400)] [rd 0.1718 (0.1593)] [cf 0.0482 (0.0447)] [gain 0.1022 (0.1099)] [img 0.6007 (0.6299)]
09/07 09:06:14 PM - Train:  93.86% [21400/22800] [187.7/200.0] [batch_t 0.364 (0.362)] [data_t 0.000] [optim_t 0.364] [lr 0.000200] [total 0.2655 (0.2429)] [rd 0.1591 (0.1585)] [cf 0.0478 (0.0435)] [gain 0.0742 (0.1089)] [img 0.9091 (0.6704)]
09/07 09:06:27 PM - ==> epoch 188/200 | elapsed 2:04:39 | remaining 0:07:57
09/07 09:06:35 PM - Train:  94.08% [21450/22800] [188.2/200.0] [batch_t 0.356 (0.364)] [data_t 0.000] [optim_t 0.356] [lr 0.000200] [total 0.2626 (0.2402)] [rd 0.1693 (0.1584)] [cf 0.0469 (0.0494)] [gain 0.1612 (0.1039)] [img 0.7099 (0.6364)]
09/07 09:06:53 PM - Train:  94.30% [21500/22800] [188.6/200.0] [batch_t 0.364 (0.361)] [data_t 0.000] [optim_t 0.364] [lr 0.000200] [total 0.2221 (0.2383)] [rd 0.1594 (0.1582)] [cf 0.0644 (0.0451)] [gain 0.0635 (0.1059)] [img 0.4473 (0.6255)]
09/07 09:07:12 PM - ==> epoch 189/200 | elapsed 2:05:21 | remaining 0:07:17
09/07 09:07:15 PM - Train:  94.52% [21550/22800] [189.0/200.0] [batch_t 0.373 (0.367)] [data_t 0.000] [optim_t 0.373] [lr 0.000200] [total 0.2440 (0.2412)] [rd 0.1658 (0.1560)] [cf 0.0544 (0.0489)] [gain 0.1074 (0.1066)] [img 0.5878 (0.6687)]
09/07 09:07:33 PM - Train:  94.74% [21600/22800] [189.5/200.0] [batch_t 0.362 (0.362)] [data_t 0.000] [optim_t 0.362] [lr 0.000200] [total 0.2179 (0.2412)] [rd 0.1395 (0.1596)] [cf 0.0545 (0.0427)] [gain 0.1257 (0.1015)] [img 0.5747 (0.6495)]
09/07 09:07:53 PM - Train:  94.96% [21650/22800] [189.9/200.0] [batch_t 0.368 (0.364)] [data_t 0.000] [optim_t 0.368] [lr 0.000200] [total 0.2336 (0.2380)] [rd 0.1560 (0.1573)] [cf 0.0394 (0.0462)] [gain 0.0804 (0.1018)] [img 0.6327 (0.6328)]
09/07 09:07:57 PM - ==> epoch 190/200 | elapsed 2:06:03 | remaining 0:06:38
09/07 09:08:12 PM - Train:  95.18% [21700/22800] [190.4/200.0] [batch_t 0.377 (0.367)] [data_t 0.000] [optim_t 0.377] [lr 0.000200] [total 0.2255 (0.2386)] [rd 0.1625 (0.1571)] [cf 0.0447 (0.0465)] [gain 0.1094 (0.1088)] [img 0.4537 (0.6343)]
09/07 09:08:33 PM - Train:  95.39% [21750/22800] [190.8/200.0] [batch_t 0.359 (0.374)] [data_t 0.000] [optim_t 0.359] [lr 0.000200] [total 0.2772 (0.2436)] [rd 0.1634 (0.1591)] [cf 0.0629 (0.0452)] [gain 0.0838 (0.1091)] [img 0.9453 (0.6679)]
09/07 09:08:41 PM - ==> epoch 191/200 | elapsed 2:06:46 | remaining 0:05:58
09/07 09:08:53 PM - Train:  95.61% [21800/22800] [191.2/200.0] [batch_t 0.353 (0.353)] [data_t 0.000] [optim_t 0.353] [lr 0.000200] [total 0.2776 (0.2422)] [rd 0.1832 (0.1612)] [cf 0.0312 (0.0440)] [gain 0.1220 (0.0968)] [img 0.7838 (0.6450)]
09/07 09:09:11 PM - Train:  95.83% [21850/22800] [191.7/200.0] [batch_t 0.350 (0.351)] [data_t 0.000] [optim_t 0.350] [lr 0.000200] [total 0.2287 (0.2373)] [rd 0.1568 (0.1567)] [cf 0.0564 (0.0490)] [gain 0.1098 (0.1072)] [img 0.5187 (0.6224)]
09/07 09:09:24 PM - ==> epoch 192/200 | elapsed 2:07:28 | remaining 0:05:18
09/07 09:09:32 PM - Train:  96.05% [21900/22800] [192.1/200.0] [batch_t 0.361 (0.365)] [data_t 0.000] [optim_t 0.361] [lr 0.000200] [total 0.2113 (0.2344)] [rd 0.1456 (0.1593)] [cf 0.0350 (0.0447)] [gain 0.0714 (0.0851)] [img 0.5290 (0.5933)]
09/07 09:09:50 PM - Train:  96.27% [21950/22800] [192.5/200.0] [batch_t 0.363 (0.362)] [data_t 0.000] [optim_t 0.363] [lr 0.000200] [total 0.2328 (0.2376)] [rd 0.1448 (0.1567)] [cf 0.0352 (0.0451)] [gain 0.1322 (0.1073)] [img 0.7040 (0.6331)]
09/07 09:10:11 PM - Train:  96.49% [22000/22800] [193.0/200.0] [batch_t 0.363 (0.362)] [data_t 0.000] [optim_t 0.362] [lr 0.000200] [total 0.2475 (0.2406)] [rd 0.1553 (0.1578)] [cf 0.0396 (0.0454)] [gain 0.1390 (0.1051)] [img 0.7317 (0.6530)]
09/07 09:10:11 PM - ==> epoch 193/200 | elapsed 2:08:10 | remaining 0:04:38
09/07 09:10:30 PM - Train:  96.71% [22050/22800] [193.4/200.0] [batch_t 0.361 (0.362)] [data_t 0.000] [optim_t 0.361] [lr 0.000200] [total 0.2432 (0.2373)] [rd 0.1681 (0.1572)] [cf 0.0325 (0.0479)] [gain 0.0793 (0.1070)] [img 0.6224 (0.6205)]
09/07 09:10:50 PM - Train:  96.93% [22100/22800] [193.9/200.0] [batch_t 0.365 (0.362)] [data_t 0.000] [optim_t 0.365] [lr 0.000200] [total 0.2243 (0.2383)] [rd 0.1491 (0.1570)] [cf 0.0363 (0.0464)] [gain 0.1430 (0.1111)] [img 0.5649 (0.6313)]
09/07 09:10:55 PM - ==> epoch 194/200 | elapsed 2:08:52 | remaining 0:03:59
09/07 09:11:11 PM - Train:  97.15% [22150/22800] [194.3/200.0] [batch_t 0.365 (0.362)] [data_t 0.000] [optim_t 0.365] [lr 0.000200] [total 0.2338 (0.2425)] [rd 0.1516 (0.1603)] [cf 0.0672 (0.0477)] [gain 0.1334 (0.1020)] [img 0.5811 (0.6453)]
09/07 09:11:29 PM - Train:  97.37% [22200/22800] [194.7/200.0] [batch_t 0.346 (0.355)] [data_t 0.000] [optim_t 0.346] [lr 0.000200] [total 0.2390 (0.2387)] [rd 0.1516 (0.1561)] [cf 0.0457 (0.0488)] [gain 0.1116 (0.1090)] [img 0.6930 (0.6413)]
09/07 09:11:39 PM - ==> epoch 195/200 | elapsed 2:09:34 | remaining 0:03:19
09/07 09:11:50 PM - Train:  97.59% [22250/22800] [195.2/200.0] [batch_t 0.363 (0.363)] [data_t 0.000] [optim_t 0.363] [lr 0.000200] [total 0.2525 (0.2458)] [rd 0.1597 (0.1604)] [cf 0.0789 (0.0545)] [gain 0.1155 (0.1042)] [img 0.6779 (0.6617)]
09/07 09:12:08 PM - Train:  97.81% [22300/22800] [195.6/200.0] [batch_t 0.357 (0.360)] [data_t 0.000] [optim_t 0.357] [lr 0.000200] [total 0.2254 (0.2401)] [rd 0.1490 (0.1584)] [cf 0.0380 (0.0477)] [gain 0.1149 (0.0973)] [img 0.5963 (0.6438)]
09/07 09:12:26 PM - ==> epoch 196/200 | elapsed 2:10:17 | remaining 0:02:39
09/07 09:12:29 PM - Train:  98.03% [22350/22800] [196.1/200.0] [batch_t 0.360 (0.363)] [data_t 0.000] [optim_t 0.360] [lr 0.000200] [total 0.2298 (0.2452)] [rd 0.1517 (0.1618)] [cf 0.0408 (0.0468)] [gain 0.0880 (0.1008)] [img 0.6296 (0.6594)]
09/07 09:12:47 PM - Train:  98.25% [22400/22800] [196.5/200.0] [batch_t 0.362 (0.357)] [data_t 0.000] [optim_t 0.362] [lr 0.000200] [total 0.2547 (0.2422)] [rd 0.1697 (0.1562)] [cf 0.0521 (0.0518)] [gain 0.0915 (0.1056)] [img 0.6727 (0.6715)]
09/07 09:13:08 PM - Train:  98.46% [22450/22800] [196.9/200.0] [batch_t 0.352 (0.360)] [data_t 0.000] [optim_t 0.352] [lr 0.000200] [total 0.2273 (0.2385)] [rd 0.1615 (0.1573)] [cf 0.0487 (0.0497)] [gain 0.0620 (0.1041)] [img 0.5115 (0.6286)]
09/07 09:13:10 PM - ==> epoch 197/200 | elapsed 2:10:59 | remaining 0:01:59
09/07 09:13:29 PM - Train:  98.68% [22500/22800] [197.4/200.0] [batch_t 0.360 (0.360)] [data_t 0.000] [optim_t 0.360] [lr 0.000200] [total 0.2482 (0.2370)] [rd 0.1610 (0.1566)] [cf 0.0694 (0.0501)] [gain 0.1571 (0.0986)] [img 0.6079 (0.6250)]
09/07 09:13:47 PM - Train:  98.90% [22550/22800] [197.8/200.0] [batch_t 0.357 (0.359)] [data_t 0.000] [optim_t 0.357] [lr 0.000200] [total 0.2652 (0.2414)] [rd 0.1612 (0.1594)] [cf 0.0641 (0.0510)] [gain 0.0863 (0.0991)] [img 0.8427 (0.6382)]
09/07 09:13:54 PM - ==> epoch 198/200 | elapsed 2:11:41 | remaining 0:01:19
09/07 09:14:08 PM - Train:  99.12% [22600/22800] [198.2/200.0] [batch_t 0.370 (0.361)] [data_t 0.000] [optim_t 0.370] [lr 0.000200] [total 0.2171 (0.2431)] [rd 0.1481 (0.1582)] [cf 0.0385 (0.0484)] [gain 0.0532 (0.1121)] [img 0.5701 (0.6624)]
09/07 09:14:26 PM - Train:  99.34% [22650/22800] [198.7/200.0] [batch_t 0.357 (0.357)] [data_t 0.000] [optim_t 0.357] [lr 0.000200] [total 0.2470 (0.2434)] [rd 0.1635 (0.1577)] [cf 0.0408 (0.0511)] [gain 0.1407 (0.1010)] [img 0.6413 (0.6735)]
09/07 09:14:41 PM - ==> epoch 199/200 | elapsed 2:12:22 | remaining 0:00:39
09/07 09:14:47 PM - Train:  99.56% [22700/22800] [199.1/200.0] [batch_t 0.361 (0.362)] [data_t 0.000] [optim_t 0.361] [lr 0.000200] [total 0.2552 (0.2432)] [rd 0.1831 (0.1588)] [cf 0.0300 (0.0499)] [gain 0.0823 (0.0910)] [img 0.5951 (0.6711)]
09/07 09:15:05 PM - Train:  99.78% [22750/22800] [199.6/200.0] [batch_t 0.359 (0.357)] [data_t 0.000] [optim_t 0.359] [lr 0.000200] [total 0.2108 (0.2385)] [rd 0.1473 (0.1563)] [cf 0.0307 (0.0464)] [gain 0.0796 (0.0997)] [img 0.5091 (0.6501)]
09/07 09:15:25 PM - Train: 100.00% [22800/22800] [200.0/200.0] [batch_t 0.165 (0.355)] [data_t 0.000] [optim_t 0.165] [lr 0.000200] [total 0.2629 (0.2441)] [rd 0.1728 (0.1591)] [cf 0.0636 (0.0492)] [gain 0.0835 (0.1086)] [img 0.7067 (0.6638)]
09/07 09:15:25 PM - ==> epoch 200/200 | elapsed 2:13:04 | remaining 0:00:00
09/07 09:15:25 PM - ==> Saved epoch-200 SPRC-RD model: runs/SPRC-RD_20260907-185453/sprc_rd_final.pth
09/07 09:22:55 PM - ==> Calibration embedded in final model: runs/SPRC-RD_20260907-185453/sprc_rd_final.pth
09/07 09:22:55 PM - ==> SPRC-RD training and calibration complete
